,timestamp,acc_magnitude,tilt_x,tilt_y,acc_x,acc_y,acc_z,stability,true_wear
0,2025-01-28 08:19:01,9.59259089089074,0,1,-4.6,-1.57,8.27,In motion,In motion
1,2025-01-28 08:19:01,9.621689040911685,0,1,-4.33,0.46,8.58,In motion,In motion
2,2025-01-28 08:19:01,10.126346824003214,0,1,-4.18,-1.83,9.04,In motion,In motion
3,2025-01-28 08:19:01,12.106832781532914,1,1,-5.83,0.12,10.61,In motion,In motion
4,2025-01-28 08:19:02,9.679235507001572,0,1,-6.86,-0.34,6.82,In motion,In motion
5,2025-01-28 08:19:05,8.469084956475522,1,0,-0.7,1.23,8.35,In motion,In motion
6,2025-01-28 08:19:05,8.908630646738027,1,1,-0.2,0.54,8.89,In motion,In motion
7,2025-01-28 08:19:06,13.86595110333222,1,1,3.79,0.46,13.33,In motion,In motion
8,2025-01-28 08:19:06,9.780362978949196,1,0,0.45,3.53,9.11,In motion,In motion
9,2025-01-28 08:19:06,13.498366567848125,1,1,-2.27,-3.67,12.79,In motion,In motion
10,2025-01-28 08:19:23,9.541771324025744,0,0,-9.27,0.73,2.14,In motion,In motion
11,2025-01-28 08:19:23,8.968455831412674,0,0,-8.74,1.5,1.34,In motion,In motion
12,2025-01-28 08:19:23,9.804126682168077,0,0,-9.28,2.0,2.45,In motion,In motion
13,2025-01-28 08:19:23,10.048248603612471,0,0,-9.74,0.54,2.41,In motion,In motion
14,2025-01-28 08:19:23,9.833437852551873,0,0,-9.7,0.12,1.61,In motion,In motion
15,2025-01-28 08:19:28,9.4949302261786,0,1,-9.39,-1.3,-0.54,In motion,In motion
16,2025-01-28 08:19:28,9.458340234946087,0,1,-9.43,-0.68,-0.27,In motion,In motion
17,2025-01-28 08:19:28,9.595696952280225,0,0,-9.54,0.73,-0.73,In motion,In motion
18,2025-01-28 08:19:28,9.916985429050504,0,0,-9.89,0.04,-0.73,In motion,In motion
19,2025-01-28 08:19:28,9.487707836985706,0,0,-9.43,0.66,-0.81,In motion,In motion
20,2025-01-28 08:20:23,13.720145771820356,0,0,-13.64,1.42,0.42,In motion,In motion
21,2025-01-28 08:20:23,3.2882366094914763,1,1,-2.53,-2.1,-0.04,In motion,In motion
22,2025-01-28 08:20:23,21.66723332592327,0,0,-17.29,12.95,1.68,In motion,In motion
23,2025-01-28 08:20:23,8.022106955158351,0,1,-4.79,-6.01,2.3,In motion,In motion
24,2025-01-28 08:20:23,10.601702693435616,0,0,-9.81,2.96,-2.72,In motion,In motion
25,2025-01-28 08:20:28,8.787155398648643,0,0,-8.66,1.23,-0.84,In motion,In motion
26,2025-01-28 08:20:28,8.664011772845186,0,0,-8.51,1.61,-0.23,In motion,In motion
27,2025-01-28 08:20:28,12.508305240918933,0,0,-11.43,4.72,-1.88,In motion,In motion
28,2025-01-28 08:20:28,14.311711987040544,0,0,-13.57,4.41,-1.11,In motion,In motion
29,2025-01-28 08:20:28,7.253378523143542,0,0,-7.05,1.69,0.23,In motion,In motion
30,2025-01-28 08:21:24,15.284992639841212,0,1,-15.18,1.65,-0.69,In motion,In motion
31,2025-01-28 08:21:24,4.23433583930231,1,1,-3.72,-0.84,-1.84,In motion,In motion
32,2025-01-28 08:21:24,19.78210302268189,0,1,-10.46,16.4,3.6,In motion,In motion
33,2025-01-28 08:21:24,9.474872030798094,0,1,-5.6,-2.06,-7.36,In motion,In motion
34,2025-01-28 08:21:24,6.61461261148376,0,1,-5.79,-1.49,2.83,In motion,In motion
35,2025-01-28 08:21:29,14.384522932652304,0,1,-12.04,7.48,-2.45,In motion,In motion
36,2025-01-28 08:21:29,6.309056981831754,1,1,-6.09,1.31,-1.0,In motion,In motion
37,2025-01-28 08:21:29,1.685793581670069,0,0,-1.43,0.89,0.07,In motion,In motion
38,2025-01-28 08:21:29,24.154564785977826,1,1,-22.34,9.05,1.57,In motion,In motion
39,2025-01-28 08:21:29,8.515967355503426,1,1,-8.2,-1.64,1.61,In motion,In motion
40,2025-01-28 08:22:25,5.261653732430518,0,0,-5.25,0.0,-0.35,In motion,In motion
41,2025-01-28 08:22:25,8.481120209028994,0,0,-7.78,2.57,-2.19,In motion,In motion
42,2025-01-28 08:22:25,15.70544173208764,0,0,-14.06,6.82,-1.57,In motion,In motion
43,2025-01-28 08:22:25,16.22515639369926,0,0,-16.21,0.7,0.04,In motion,In motion
44,2025-01-28 08:22:25,4.613946250228755,1,1,-0.7,-4.56,0.07,In motion,In motion
45,2025-01-28 08:22:30,7.63374744146019,0,1,-1.19,-7.54,-0.08,In motion,In motion
46,2025-01-28 08:22:30,7.09211534029164,0,0,-6.78,-1.11,1.76,In motion,In motion
47,2025-01-28 08:22:30,8.235083484701294,0,0,-8.05,0.54,-1.65,In motion,In motion
48,2025-01-28 08:22:30,15.045557483855491,0,0,-13.68,6.1,-1.42,In motion,In motion
49,2025-01-28 08:22:30,17.758921701499784,0,0,-17.7,1.42,0.27,In motion,In motion
50,2025-01-28 08:23:26,14.918220403251857,1,1,-12.76,7.71,-0.54,In motion,In motion
51,2025-01-28 08:23:26,10.086332336384718,0,0,-9.23,3.84,-1.34,In motion,In motion
52,2025-01-28 08:23:26,3.682091796791601,1,1,1.07,-3.52,0.15,In motion,In motion
53,2025-01-28 08:23:26,20.107888999096847,0,1,-16.4,9.54,6.66,In motion,In motion
54,2025-01-28 08:23:26,12.643251164158688,0,1,-11.46,4.11,-3.41,In motion,In motion
55,2025-01-28 08:23:31,7.904410161422546,0,0,-7.82,1.12,0.27,In motion,In motion
56,2025-01-28 08:23:31,14.995339275921705,0,0,-13.91,5.6,0.11,In motion,In motion
57,2025-01-28 08:23:31,16.821120652322783,0,0,-16.78,1.16,0.19,In motion,In motion
58,2025-01-28 08:23:31,10.202930951447236,1,1,-9.43,3.3,-2.07,In motion,In motion
59,2025-01-28 08:23:31,21.283827193434927,0,0,-17.28,11.73,4.1,In motion,In motion
60,2025-01-28 08:24:27,9.599531238555349,0,0,-9.5,1.31,-0.43,Unknown,Unknown
61,2025-01-28 08:24:27,9.559947698601704,0,0,-9.46,1.31,-0.43,Unknown,Unknown
62,2025-01-28 08:24:27,9.558232054098708,0,0,-9.46,1.31,-0.39,Unknown,Unknown
63,2025-01-28 08:24:27,9.559947698601704,0,0,-9.46,1.31,-0.43,Unknown,Unknown
64,2025-01-28 08:24:27,9.559947698601704,0,0,-9.46,1.31,-0.43,Unknown,Unknown
65,2025-01-28 08:25:53,9.601822743625297,0,0,-9.5,1.35,-0.35,Unknown,Unknown
66,2025-01-28 08:25:54,9.56797784278371,0,0,-9.46,1.39,-0.35,Unknown,Unknown
67,2025-01-28 08:25:54,9.611914481517196,0,0,-9.5,1.42,-0.35,Unknown,Unknown
68,2025-01-28 08:25:54,9.607528298162851,0,0,-9.5,1.39,-0.35,Unknown,Unknown
69,2025-01-28 08:25:54,9.601822743625297,0,0,-9.5,1.35,-0.35,Unknown,Unknown
70,2025-01-28 08:27:40,9.581607380810382,0,0,-9.5,1.16,-0.46,Unknown,Unknown
71,2025-01-28 08:27:40,9.581607380810382,0,0,-9.5,1.16,-0.46,Unknown,Unknown
72,2025-01-28 08:27:41,9.581607380810382,0,0,-9.5,1.16,-0.46,Unknown,Unknown
73,2025-01-28 08:27:41,9.62126810768726,0,0,-9.54,1.16,-0.46,Unknown,Unknown
74,2025-01-28 08:27:41,9.581607380810382,0,0,-9.5,1.16,-0.46,Unknown,Unknown
75,2025-01-28 08:27:52,9.590333675112666,0,0,-9.5,1.23,-0.46,Unknown,Unknown
76,2025-01-28 08:27:52,9.590333675112666,0,0,-9.5,1.23,-0.46,Unknown,Unknown
77,2025-01-28 08:27:52,9.588941547428476,0,0,-9.5,1.23,-0.43,Unknown,Unknown
78,2025-01-28 08:27:52,9.58389273729626,0,0,-9.5,1.19,-0.43,Unknown,Unknown
79,2025-01-28 08:27:53,9.590333675112666,0,0,-9.5,1.23,-0.46,Unknown,Unknown
80,2025-01-28 08:28:31,9.580213985084049,0,0,-9.5,1.16,-0.43,Unknown,Unknown
81,2025-01-28 08:28:31,9.581607380810382,0,0,-9.5,1.16,-0.46,Unknown,Unknown
82,2025-01-28 08:28:31,9.585285598249015,0,0,-9.5,1.19,-0.46,Unknown,Unknown
83,2025-01-28 08:28:31,9.585285598249015,0,0,-9.5,1.19,-0.46,Unknown,Unknown
84,2025-01-28 08:28:31,9.58389273729626,0,0,-9.5,1.19,-0.43,Unknown,Unknown
85,2025-01-28 08:28:49,9.576847080328683,1,0,-9.5,1.12,-0.46,Unknown,Unknown
86,2025-01-28 08:28:49,9.581607380810382,1,0,-9.5,1.16,-0.46,Unknown,Unknown
87,2025-01-28 08:28:49,9.581607380810382,0,0,-9.5,1.16,-0.46,Unknown,Unknown
88,2025-01-28 08:28:50,9.576847080328683,0,0,-9.5,1.12,-0.46,Unknown,Unknown
89,2025-01-28 08:28:50,9.576847080328683,0,0,-9.5,1.12,-0.46,Unknown,Unknown
90,2025-01-28 08:29:32,9.567821068561011,0,0,-9.5,1.04,-0.46,Unknown,Unknown
91,2025-01-28 08:29:32,9.607538706661556,0,0,-9.54,1.04,-0.46,Unknown,Unknown
92,2025-01-28 08:29:32,9.607538706661556,0,0,-9.54,1.04,-0.46,Unknown,Unknown
93,2025-01-28 08:29:32,9.565563234854496,0,0,-9.5,1.0,-0.5,Unknown,Unknown
94,2025-01-28 08:29:32,9.609536929529954,0,0,-9.54,1.04,-0.5,Unknown,Unknown
95,2025-01-28 08:29:47,9.60893334350905,0,0,-9.5,1.0,-1.04,Unknown,Unknown
96,2025-01-28 08:29:47,9.572695545142968,0,0,-9.46,1.0,-1.07,Unknown,Unknown
97,2025-01-28 08:29:47,9.581967438892706,0,0,-9.46,1.0,-1.15,Unknown,Unknown
98,2025-01-28 08:29:47,9.596150269769645,0,0,-9.46,1.04,-1.23,Unknown,Unknown
99,2025-01-28 08:29:47,9.61228380771188,0,0,-9.46,1.0,-1.38,Unknown,Unknown
100,2025-01-28 08:30:33,9.495483136734013,1,0,1.53,6.48,6.77,In motion,In motion
101,2025-01-28 08:30:33,9.920085685113811,1,0,1.64,6.71,7.12,In motion,In motion
102,2025-01-28 08:30:33,9.585974128903125,1,0,1.87,6.14,7.12,In motion,In motion
103,2025-01-28 08:30:33,9.631630183930444,1,0,2.41,5.79,7.31,In motion,In motion
104,2025-01-28 08:30:33,9.272631773126763,1,0,2.22,5.98,6.73,In motion,In motion
105,2025-01-28 08:30:38,9.10325765866264,1,0,1.26,6.36,6.39,In motion,In motion
106,2025-01-28 08:30:38,10.426710890784303,1,0,1.45,7.17,7.43,In motion,In motion
107,2025-01-28 08:30:38,9.790326858690674,1,0,1.8,7.16,6.43,In motion,In motion
108,2025-01-28 08:30:38,8.80730378719844,1,0,1.87,6.94,5.09,In motion,In motion
109,2025-01-28 08:30:38,7.658145989728846,1,0,1.26,6.14,4.4,In motion,In motion
110,2025-01-28 08:31:34,9.550942361882411,1,0,1.95,6.06,7.12,Unknown,Unknown
111,2025-01-28 08:31:34,9.35803932455939,1,0,2.1,6.02,6.85,Unknown,Unknown
112,2025-01-28 08:31:34,9.791271623236687,1,0,1.99,6.33,7.2,Unknown,Unknown
113,2025-01-28 08:31:34,9.953341147574518,1,0,1.87,6.4,7.39,Unknown,Unknown
114,2025-01-28 08:31:34,9.374950666536863,1,0,2.06,6.06,6.85,Unknown,Unknown
115,2025-01-28 08:31:39,10.062966759360782,1,0,1.38,6.33,7.7,Unknown,Unknown
116,2025-01-28 08:31:40,9.67721550860577,1,0,1.26,6.25,7.28,In motion,In motion
117,2025-01-28 08:31:40,9.31900209249896,1,0,0.99,6.06,7.01,In motion,In motion
118,2025-01-28 08:31:40,9.417929708805431,1,0,1.22,6.17,7.01,In motion,In motion
119,2025-01-28 08:31:40,9.834393728135964,1,0,1.14,6.21,7.54,In motion,In motion
120,2025-01-28 08:32:35,9.734772724619717,1,0,2.45,6.17,7.12,Unknown,Unknown
121,2025-01-28 08:32:35,9.820432780687415,1,0,2.68,6.21,7.12,Unknown,Unknown
122,2025-01-28 08:32:35,9.760952822342704,1,0,2.68,6.33,6.93,Unknown,Unknown
123,2025-01-28 08:32:35,9.691527227429122,1,0,2.56,6.36,6.85,Unknown,Unknown
124,2025-01-28 08:32:35,9.673076036091103,1,0,2.48,6.48,6.74,Unknown,Unknown
125,2025-01-28 08:32:40,9.650186526694704,1,0,2.37,6.86,6.36,Unknown,Unknown
126,2025-01-28 08:32:40,9.89938887002627,1,0,2.29,7.17,6.43,In motion,Unknown
127,2025-01-28 08:32:40,9.380666287636505,1,0,2.33,6.68,6.16,In motion,Unknown
128,2025-01-28 08:32:40,10.09981187943617,1,0,2.29,7.05,6.86,In motion,Unknown
129,2025-01-28 08:32:40,9.765423697925248,1,0,2.37,7.29,6.05,In motion,Unknown
130,2025-01-28 08:33:36,9.633633790008837,1,0,1.38,6.25,7.2,Unknown,Unknown
131,2025-01-28 08:33:36,9.695947607119171,1,0,1.45,6.33,7.2,Unknown,Unknown
132,2025-01-28 08:33:36,9.663963989999136,1,0,1.41,6.29,7.2,Unknown,Unknown
133,2025-01-28 08:33:36,9.629854619878746,1,0,1.38,6.29,7.16,Unknown,Unknown
134,2025-01-28 08:33:36,9.57779202112888,1,0,1.38,6.21,7.16,Unknown,Unknown
135,2025-01-28 08:33:48,9.716089748453337,1,0,2.14,6.02,7.32,Unknown,Unknown
136,2025-01-28 08:33:48,9.629278269943184,1,0,2.06,5.87,7.35,Unknown,Unknown
137,2025-01-28 08:33:48,9.636472383605945,1,0,2.14,5.94,7.28,In motion,Unknown
138,2025-01-28 08:33:48,9.703406618296482,1,0,2.14,6.06,7.27,In motion,Unknown
139,2025-01-28 08:33:49,9.576178778615196,1,0,2.14,5.94,7.2,In motion,In motion
140,2025-01-28 08:34:37,9.634910482199617,1,0,1.45,5.91,7.47,Unknown,Unknown
141,2025-01-28 08:34:37,9.634910482199617,1,0,1.45,5.91,7.47,Unknown,Unknown
142,2025-01-28 08:34:37,9.634910482199617,1,0,1.45,5.91,7.47,Unknown,Unknown
143,2025-01-28 08:34:37,9.647414161318048,1,0,1.41,5.94,7.47,Unknown,Unknown
144,2025-01-28 08:34:37,9.628971907737606,1,0,1.41,5.91,7.47,Unknown,Unknown
145,2025-01-28 08:35:09,9.895498976807588,1,0,2.22,5.91,7.62,Unknown,Unknown
146,2025-01-28 08:35:09,9.261679113422144,1,0,2.29,5.75,6.89,In motion,Unknown
147,2025-01-28 08:35:10,9.533698128218662,1,0,2.25,5.83,7.2,In motion,In motion
148,2025-01-28 08:35:10,10.435885204428036,1,0,2.56,6.79,7.5,In motion,In motion
149,2025-01-28 08:35:10,10.782420878448402,1,0,1.95,6.55,8.34,In motion,In motion
150,2025-01-28 08:35:39,9.627678847988232,1,0,1.61,6.4,7.01,Unknown,Unknown
151,2025-01-28 08:35:39,9.606211532128574,1,0,1.64,6.36,7.01,Unknown,Unknown
152,2025-01-28 08:35:39,9.627678847988232,1,0,1.61,6.4,7.01,Unknown,Unknown
153,2025-01-28 08:35:39,9.659363333056689,1,0,1.64,6.44,7.01,Unknown,Unknown
154,2025-01-28 08:35:39,9.61765563949968,1,0,1.72,6.4,6.97,Unknown,Unknown
155,2025-01-28 08:35:44,9.573379758476104,1,0,2.64,5.68,7.24,Unknown,Unknown
156,2025-01-28 08:35:44,9.840914591642385,1,0,2.64,5.64,7.62,Unknown,Unknown
157,2025-01-28 08:35:44,9.875935398735656,1,0,2.56,5.79,7.58,Unknown,Unknown
158,2025-01-28 08:35:45,9.827980463961048,1,0,2.56,5.6,7.66,Unknown,Unknown
159,2025-01-28 08:35:45,9.530671539823413,1,0,2.48,5.83,7.12,Unknown,Unknown
160,2025-01-28 08:36:39,9.785484147450244,1,0,1.26,6.55,7.16,In motion,In motion
161,2025-01-28 08:36:39,9.46433304570375,1,0,1.26,6.44,6.82,In motion,In motion
162,2025-01-28 08:36:39,9.065439867982136,1,0,1.45,6.14,6.51,In motion,In motion
163,2025-01-28 08:36:39,9.211807640197444,1,0,1.38,5.91,6.93,In motion,In motion
164,2025-01-28 08:36:39,9.707862792602706,1,0,1.61,6.52,7.01,In motion,In motion
165,2025-01-28 08:36:44,10.177922184807665,1,0,2.52,6.21,7.66,In motion,In motion
166,2025-01-28 08:36:44,9.833188699501296,1,0,2.64,6.06,7.28,In motion,In motion
167,2025-01-28 08:36:44,9.457742859689091,1,0,2.48,5.71,7.12,In motion,In motion
168,2025-01-28 08:36:44,8.738106202147007,1,0,2.45,5.56,6.28,In motion,In motion
169,2025-01-28 08:36:44,9.84900502588967,1,0,2.48,6.02,7.39,In motion,In motion
170,2025-01-28 08:37:40,9.115190617864226,1,0,0.65,5.79,7.01,Unknown,Unknown
171,2025-01-28 08:37:40,9.606305221051432,1,0,0.53,6.21,7.31,Unknown,Unknown
172,2025-01-28 08:37:40,9.481845811865956,1,0,0.65,6.1,7.23,Unknown,Unknown
173,2025-01-28 08:37:40,9.912441677003704,1,0,0.72,6.25,7.66,Unknown,Unknown
174,2025-01-28 08:37:40,9.963663984699604,1,0,0.84,6.63,7.39,Unknown,Unknown
175,2025-01-28 08:37:45,9.872010940026351,1,0,0.91,6.21,7.62,Unknown,Unknown
176,2025-01-28 08:37:45,9.862778513177714,1,0,0.88,6.1,7.7,Unknown,Unknown
177,2025-01-28 08:37:45,9.473262373649325,1,0,0.45,5.91,7.39,Unknown,Unknown
178,2025-01-28 08:37:45,9.45358133196092,1,0,0.42,5.83,7.43,Unknown,Unknown
179,2025-01-28 08:37:45,9.876846662776536,1,0,0.11,5.98,7.86,Unknown,Unknown
180,2025-01-28 08:38:41,9.66646264152508,1,0,1.53,5.64,7.7,Unknown,Unknown
181,2025-01-28 08:38:41,9.588018564854783,1,0,1.53,5.56,7.66,Unknown,Unknown
182,2025-01-28 08:38:41,9.566969217050923,1,0,1.45,5.6,7.62,Unknown,Unknown
183,2025-01-28 08:38:41,9.539376289883943,1,0,1.57,5.52,7.62,Unknown,Unknown
184,2025-01-28 08:38:41,9.61126942708402,1,0,1.53,5.6,7.66,Unknown,Unknown
185,2025-01-28 08:38:54,9.57593859629436,1,0,1.76,5.83,7.39,Unknown,Unknown
186,2025-01-28 08:38:54,9.941629645083346,1,0,1.68,6.06,7.7,Unknown,Unknown
187,2025-01-28 08:38:55,9.810056065079342,1,0,1.68,5.68,7.82,Unknown,Unknown
188,2025-01-28 08:38:55,9.76440986440041,1,0,1.68,5.87,7.62,Unknown,Unknown
189,2025-01-28 08:38:55,9.558420371588603,1,0,1.72,5.71,7.47,Unknown,Unknown
190,2025-01-28 08:39:42,9.7733719871905,1,0,2.56,6.14,7.16,Unknown,Unknown
191,2025-01-28 08:39:42,9.69389498602084,1,0,2.56,6.06,7.12,Unknown,Unknown
192,2025-01-28 08:39:42,9.766565414719752,1,0,2.56,6.21,7.09,Unknown,Unknown
193,2025-01-28 08:39:42,9.603275482875622,1,0,2.6,5.98,7.05,Unknown,Unknown
194,2025-01-28 08:39:42,9.602817294940063,1,0,2.52,6.06,7.01,Unknown,Unknown
195,2025-01-28 08:39:48,9.419161321476556,1,0,2.22,5.79,7.09,Unknown,Unknown
196,2025-01-28 08:39:48,10.143539816060269,1,0,2.37,6.44,7.47,In motion,Unknown
197,2025-01-28 08:39:48,9.628052762630666,1,0,2.29,5.87,7.28,In motion,Unknown
198,2025-01-28 08:39:48,9.59259089089074,1,0,2.29,5.71,7.36,In motion,Unknown
199,2025-01-28 08:39:48,10.112259885900876,1,0,2.25,6.48,7.43,In motion,Unknown
200,2025-01-28 08:40:43,9.453322167365291,1,0,0.15,5.98,7.32,Unknown,Unknown
201,2025-01-28 08:40:43,9.847730703060478,1,0,0.15,6.63,7.28,In motion,Unknown
202,2025-01-28 08:40:43,9.76549537913976,1,0,0.04,6.52,7.27,In motion,Unknown
203,2025-01-28 08:40:43,9.7075795129373,1,0,0.11,6.63,7.09,In motion,Unknown
204,2025-01-28 08:40:43,9.73929155534426,1,0,0.45,6.63,7.12,In motion,Unknown
205,2025-01-28 08:41:08,9.588753829356556,1,0,2.45,5.79,7.24,Unknown,Unknown
206,2025-01-28 08:41:08,9.662059821797834,1,0,2.33,5.91,7.28,Unknown,Unknown
207,2025-01-28 08:41:08,9.61333448913539,1,0,2.33,5.83,7.28,Unknown,Unknown
208,2025-01-28 08:41:08,9.635045407261972,1,0,2.41,5.98,7.16,Unknown,Unknown
209,2025-01-28 08:41:08,9.489968387723955,1,0,2.33,5.91,7.05,Unknown,Unknown
210,2025-01-28 08:41:45,9.620088357182588,1,0,1.8,5.94,7.35,Unknown,Unknown
211,2025-01-28 08:41:45,9.651968711097233,1,0,1.76,6.1,7.27,Unknown,Unknown
212,2025-01-28 08:41:45,9.675355290634036,1,0,1.8,5.98,7.39,Unknown,Unknown
213,2025-01-28 08:41:45,9.54625057286891,1,0,1.76,5.98,7.23,Unknown,Unknown
214,2025-01-28 08:41:45,9.748133154609656,1,0,1.76,6.06,7.43,Unknown,Unknown
215,2025-01-28 08:42:08,9.422133516353924,1,0,2.29,6.14,6.77,In motion,In motion
216,2025-01-28 08:42:08,9.747671516829032,1,0,2.41,6.33,7.01,In motion,In motion
217,2025-01-28 08:42:08,9.524667973215657,1,0,2.22,6.1,6.97,In motion,In motion
218,2025-01-28 08:42:08,9.578674229766872,1,0,2.41,6.02,7.05,In motion,In motion
219,2025-01-28 08:42:09,9.760179301631709,1,0,2.33,6.29,7.09,In motion,In motion
220,2025-01-28 08:42:46,9.573886358214205,1,0,0.07,6.4,7.12,Unknown,Unknown
221,2025-01-28 08:42:46,9.537478702466393,1,0,0.19,6.55,6.93,In motion,Unknown
222,2025-01-28 08:42:46,9.842205037490327,1,0,0.07,6.71,7.2,In motion,Unknown
223,2025-01-28 08:42:46,9.838033340053286,1,0,-0.08,6.82,7.09,In motion,Unknown
224,2025-01-28 08:42:46,9.654594761045123,1,0,-0.08,6.52,7.12,In motion,Unknown
225,2025-01-28 08:42:51,9.61882529210298,1,0,1.64,6.29,7.09,Unknown,Unknown
226,2025-01-28 08:42:51,9.61362574682414,1,0,1.61,6.21,7.16,Unknown,Unknown
227,2025-01-28 08:42:51,9.716213254143817,1,0,1.64,6.36,7.16,Unknown,Unknown
228,2025-01-28 08:42:51,9.61882529210298,1,0,1.64,6.29,7.09,Unknown,Unknown
229,2025-01-28 08:42:51,9.60983870832388,1,0,1.61,6.25,7.12,Unknown,Unknown
230,2025-01-28 08:43:46,9.621907295333914,1,0,1.03,5.41,7.89,Unknown,Unknown
231,2025-01-28 08:43:46,9.88445749649418,1,0,0.8,5.75,8.0,Unknown,Unknown
232,2025-01-28 08:43:46,9.71173002095919,1,0,0.84,5.6,7.89,Unknown,Unknown
233,2025-01-28 08:43:46,9.505593090386313,1,0,0.57,5.33,7.85,Unknown,Unknown
234,2025-01-28 08:43:46,9.808368875608217,1,0,0.45,5.6,8.04,Unknown,Unknown
235,2025-01-28 08:43:51,9.624998701298614,1,0,1.91,5.45,7.7,Unknown,Unknown
236,2025-01-28 08:43:51,9.649015493821118,1,0,1.91,5.45,7.73,Unknown,Unknown
237,2025-01-28 08:43:51,9.611352662346752,1,0,1.84,5.45,7.7,Unknown,Unknown
238,2025-01-28 08:43:51,9.617140947287815,1,0,1.87,5.45,7.7,Unknown,Unknown
239,2025-01-28 08:43:51,9.620878338280765,1,0,1.84,5.41,7.74,Unknown,Unknown
240,2025-01-28 08:44:47,9.615451107462404,1,0,1.72,6.44,6.93,Unknown,Unknown
241,2025-01-28 08:44:47,9.628925173662946,1,0,1.84,6.25,7.09,Unknown,Unknown
242,2025-01-28 08:44:47,9.625180517787705,1,0,1.84,6.21,7.12,Unknown,Unknown
243,2025-01-28 08:44:47,9.608803255348713,1,0,1.87,6.21,7.09,Unknown,Unknown
244,2025-01-28 08:44:47,9.591923686101762,1,0,1.8,6.25,7.05,Unknown,Unknown
245,2025-01-28 08:45:02,11.66562900147266,1,0,3.02,6.52,9.19,In motion,In motion
246,2025-01-28 08:45:03,10.14371233819256,1,0,2.48,6.17,7.66,In motion,In motion
247,2025-01-28 08:45:03,9.18396972991527,1,0,2.6,6.02,6.43,In motion,In motion
248,2025-01-28 08:45:03,9.209505958519165,1,0,2.45,5.87,6.66,In motion,In motion
249,2025-01-28 08:45:03,10.440814144500418,1,0,2.79,6.44,7.73,In motion,In motion
250,2025-01-28 08:45:49,9.610208114291805,1,0,1.76,6.21,7.12,Unknown,Unknown
251,2025-01-28 08:45:49,9.632657992475387,1,0,1.72,6.21,7.16,Unknown,Unknown
252,2025-01-28 08:45:49,9.658493671375467,1,0,1.72,6.25,7.16,Unknown,Unknown
253,2025-01-28 08:45:49,9.595879323959842,1,0,1.68,6.21,7.12,Unknown,Unknown
254,2025-01-28 08:45:49,9.62887843936146,1,0,1.72,6.25,7.12,Unknown,Unknown
255,2025-01-28 08:46:38,9.511619210208112,1,0,2.1,5.75,7.28,Unknown,Unknown
256,2025-01-28 08:46:38,9.674905684294808,1,0,2.03,6.1,7.23,Unknown,Unknown
257,2025-01-28 08:46:38,9.28819142782921,1,0,1.99,5.52,7.2,Unknown,Unknown
258,2025-01-28 08:46:39,9.786894297988509,1,0,1.91,5.94,7.54,Unknown,Unknown
259,2025-01-28 08:46:39,10.057484775031975,1,0,1.95,5.83,7.96,Unknown,Unknown
260,2025-01-28 08:46:50,9.987517208996438,0,0,-1.96,8.17,5.4,Unknown,Unknown
261,2025-01-28 08:46:50,9.980230458260973,0,0,-2.0,8.05,5.55,In motion,Unknown
262,2025-01-28 08:46:50,9.51366385784152,0,0,-1.77,7.63,5.4,In motion,Unknown
263,2025-01-28 08:46:50,9.625679196815152,0,0,-1.8,7.79,5.36,In motion,Unknown
264,2025-01-28 08:46:50,9.582285739843076,0,0,-1.77,7.63,5.52,In motion,Unknown
265,2025-01-28 08:47:02,10.466255299771738,0,0,-7.75,5.52,4.36,In motion,In motion
266,2025-01-28 08:47:02,9.93363478289795,0,0,-7.71,5.33,3.29,In motion,In motion
267,2025-01-28 08:47:02,9.237575439475446,0,0,-8.24,3.84,1.64,In motion,In motion
268,2025-01-28 08:47:03,9.612809162778593,0,0,-8.13,5.06,0.84,In motion,In motion
269,2025-01-28 08:47:03,9.41599702633768,0,0,-8.13,4.75,-0.04,In motion,In motion
270,2025-01-28 08:47:51,9.307722600077852,1,0,0.23,7.52,5.48,In motion,In motion
271,2025-01-28 08:47:51,9.92059474023609,1,0,0.3,8.51,5.09,In motion,In motion
272,2025-01-28 08:47:51,8.77569940232686,1,0,-0.04,7.12,5.13,In motion,In motion
273,2025-01-28 08:47:51,8.935457458910541,1,0,-0.04,6.78,5.82,In motion,In motion
274,2025-01-28 08:47:51,11.05861655000299,1,0,-0.35,7.71,7.92,In motion,In motion
275,2025-01-28 08:47:56,9.769759464797485,1,0,-0.2,8.01,5.59,In motion,In motion
276,2025-01-28 08:47:56,9.45306299566442,1,0,-0.04,7.48,5.78,In motion,In motion
277,2025-01-28 08:47:56,9.538705362888614,1,0,-0.0,7.7,5.63,In motion,In motion
278,2025-01-28 08:47:56,9.515235152112638,1,0,-0.04,7.7,5.59,In motion,In motion
279,2025-01-28 08:47:56,9.41070666847076,1,0,-0.23,7.86,5.17,In motion,In motion
280,2025-01-28 08:48:51,8.365727702955672,0,1,-4.95,-6.7,-0.77,In motion,In motion
281,2025-01-28 08:48:51,10.59370567837336,1,0,-8.12,4.91,-4.71,In motion,In motion
282,2025-01-28 08:48:51,11.723843226519197,0,0,-9.46,6.63,-2.0,In motion,In motion
283,2025-01-28 08:48:51,15.6437143926882,0,1,-12.41,9.16,-2.61,In motion,In motion
284,2025-01-28 08:48:51,7.874738090882769,1,1,-7.75,1.19,-0.73,In motion,In motion
285,2025-01-28 08:48:56,8.383322730278252,1,1,-6.18,-4.86,-2.91,In motion,In motion
286,2025-01-28 08:48:56,9.038395875375231,1,0,-8.21,3.03,-2.26,In motion,In motion
287,2025-01-28 08:48:56,11.670411303805878,0,0,-11.0,3.76,1.03,In motion,In motion
288,2025-01-28 08:48:56,15.516716791898986,1,1,-11.99,9.28,-3.3,In motion,In motion
289,2025-01-28 08:48:56,11.627918988365888,1,1,-11.5,1.16,-1.27,In motion,In motion
290,2025-01-28 08:49:52,32.38912626175643,0,0,-20.61,24.53,4.75,In motion,In motion
291,2025-01-28 08:49:52,11.457072051794036,0,0,-9.2,0.81,-6.78,In motion,In motion
292,2025-01-28 08:49:52,9.532539011197384,0,0,-8.47,3.72,-2.3,In motion,In motion
293,2025-01-28 08:49:52,9.41,0,0,-8.24,3.72,-2.61,In motion,In motion
294,2025-01-28 08:49:52,14.045376463448743,0,1,-12.42,6.21,-2.11,In motion,In motion
295,2025-01-28 08:49:57,2.003047677914832,1,1,-0.89,-1.49,-1.0,In motion,In motion
296,2025-01-28 08:49:57,4.056365368159037,0,0,-1.46,3.76,-0.43,In motion,In motion
297,2025-01-28 08:49:57,15.548035245650816,0,0,-13.34,6.33,-4.87,In motion,In motion
298,2025-01-28 08:49:57,9.62294133828114,1,0,-7.44,4.95,-3.57,In motion,In motion
299,2025-01-28 08:49:57,11.942822112047052,0,0,-11.45,3.18,-1.19,In motion,In motion
300,2025-01-28 08:50:53,5.992019692891538,0,1,-5.83,0.77,-1.15,In motion,In motion
301,2025-01-28 08:50:53,11.551476096153252,0,0,-8.39,7.02,3.71,In motion,In motion
302,2025-01-28 08:50:53,18.65555949308409,1,1,-18.09,3.07,3.37,In motion,In motion
303,2025-01-28 08:50:53,8.342050107737306,0,1,-8.25,1.23,-0.12,In motion,In motion
304,2025-01-28 08:50:53,8.994859643151749,0,0,-8.39,3.15,-0.77,In motion,In motion
305,2025-01-28 08:50:58,9.608381757611424,1,0,-9.35,1.84,-1.23,In motion,In motion
306,2025-01-28 08:50:58,5.8176111936085935,0,0,-5.13,2.69,0.54,In motion,In motion
307,2025-01-28 08:50:58,8.40312441892895,0,0,-2.0,7.55,3.1,In motion,In motion
308,2025-01-28 08:50:58,11.496408134717557,0,0,-10.0,5.45,1.57,In motion,In motion
309,2025-01-28 08:50:58,8.728333174209151,0,0,-7.78,3.95,0.23,In motion,In motion
310,2025-01-28 08:51:54,9.673184584199763,0,0,-9.35,2.42,0.54,In motion,In motion
311,2025-01-28 08:51:54,9.766887938335325,0,0,-9.66,1.39,0.38,In motion,In motion
312,2025-01-28 08:51:54,9.79495278191784,0,0,-9.73,0.89,0.69,In motion,In motion
313,2025-01-28 08:51:54,9.642178177154786,0,0,-9.54,1.12,0.84,In motion,In motion
314,2025-01-28 08:51:54,9.60919351454637,0,0,-9.46,1.27,1.11,In motion,In motion
315,2025-01-28 08:51:59,9.816970000972804,0,0,-9.7,0.77,-1.3,Unknown,Unknown
316,2025-01-28 08:51:59,9.708460228069123,0,1,-9.58,0.93,-1.27,In motion,Unknown
317,2025-01-28 08:51:59,9.834475074959515,0,0,-9.7,0.85,-1.38,In motion,Unknown
318,2025-01-28 08:51:59,9.706868702109862,0,0,-9.54,1.19,-1.34,In motion,Unknown
319,2025-01-28 08:51:59,10.019291392109524,1,0,-9.85,1.46,-1.11,In motion,Unknown
320,2025-01-28 08:52:55,9.501836664561226,0,1,-9.32,-1.53,-1.04,Unknown,Unknown
321,2025-01-28 08:52:55,9.537719853298272,0,1,-9.32,-1.64,-1.19,Unknown,Unknown
322,2025-01-28 08:52:55,9.465822732335525,0,1,-9.2,-1.83,-1.27,Unknown,Unknown
323,2025-01-28 08:52:55,9.66101961492678,0,1,-9.2,-2.68,-1.23,Unknown,Unknown
324,2025-01-28 08:52:55,9.84035060351002,0,1,-9.5,-2.41,-0.88,In motion,Unknown
325,2025-01-28 08:53:00,10.165397188501784,0,0,-9.62,3.22,0.65,In motion,In motion
326,2025-01-28 08:53:00,12.052161631840155,0,0,-11.69,2.84,0.73,In motion,In motion
327,2025-01-28 08:53:00,11.840815005733344,0,1,-11.34,3.38,-0.43,In motion,In motion
328,2025-01-28 08:53:00,7.558366225580764,1,1,-7.32,1.88,0.11,In motion,In motion
329,2025-01-28 08:53:00,11.50666763229042,0,0,-9.27,6.52,1.99,In motion,In motion
330,2025-01-28 08:53:57,9.714432561915288,0,0,-0.85,9.39,2.34,Unknown,Unknown
331,2025-01-28 08:53:57,9.785857141814406,0,0,-0.89,9.47,2.3,Unknown,Unknown
332,2025-01-28 08:53:57,9.734217996326157,0,0,-0.85,9.43,2.26,Unknown,Unknown
333,2025-01-28 08:53:57,9.714432561915288,0,0,-0.85,9.39,2.34,Unknown,Unknown
334,2025-01-28 08:53:57,9.775673889814453,0,0,-0.77,9.47,2.3,Unknown,Unknown
335,2025-01-28 08:54:03,9.745922224192023,0,0,-0.85,9.47,2.14,Unknown,Unknown
336,2025-01-28 08:54:03,9.75835027040944,0,0,-0.89,9.47,2.18,Unknown,Unknown
337,2025-01-28 08:54:03,9.7802556203813,0,0,-0.93,9.47,2.26,Unknown,Unknown
338,2025-01-28 08:54:03,9.721594519419126,0,0,-0.81,9.43,2.22,Unknown,Unknown
339,2025-01-28 08:54:03,9.792313311980983,0,0,-0.77,9.54,2.07,Unknown,Unknown
340,2025-01-28 08:54:58,9.738105565252413,0,0,-0.93,9.47,2.07,Unknown,Unknown
341,2025-01-28 08:54:58,9.738105565252413,0,0,-0.93,9.47,2.07,Unknown,Unknown
342,2025-01-28 08:54:58,9.738105565252413,0,0,-0.93,9.47,2.07,Unknown,Unknown
343,2025-01-28 08:54:58,9.738105565252413,0,0,-0.93,9.47,2.07,Unknown,Unknown
344,2025-01-28 08:54:58,9.738105565252413,0,0,-0.93,9.47,2.07,Unknown,Unknown
345,2025-01-28 08:59:22,9.74295129824634,0,0,-0.89,9.47,2.11,Unknown,Unknown
346,2025-01-28 08:59:23,9.777008745009898,0,0,-0.93,9.51,2.07,Unknown,Unknown
347,2025-01-28 08:59:23,9.746686616486652,0,0,-0.93,9.47,2.11,Unknown,Unknown
348,2025-01-28 08:59:23,9.746686616486652,0,0,-0.93,9.47,2.11,Unknown,Unknown
349,2025-01-28 08:59:23,9.746686616486652,0,0,-0.93,9.47,2.11,Unknown,Unknown
350,2025-01-28 09:03:12,9.714746522683956,0,0,-2.57,8.55,3.83,Unknown,Unknown
351,2025-01-28 09:03:12,9.700381435799317,0,0,-2.42,8.63,3.71,Unknown,Unknown
352,2025-01-28 09:03:12,9.59271598662235,0,0,-2.27,8.63,3.52,Unknown,Unknown
353,2025-01-28 09:03:12,9.694601590576069,0,0,-2.42,8.67,3.6,Unknown,Unknown
354,2025-01-28 09:03:12,9.68646994523805,0,0,-2.3,8.71,3.56,Unknown,Unknown
355,2025-01-28 09:05:47,9.64865793776523,0,0,-2.27,8.51,3.94,Unknown,Unknown
356,2025-01-28 09:05:47,9.636975666670535,0,0,-2.3,8.47,3.98,Unknown,Unknown
357,2025-01-28 09:05:47,9.620524933702942,0,0,-2.3,8.47,3.94,Unknown,Unknown
358,2025-01-28 09:05:47,9.643557434888848,0,0,-2.3,8.51,3.91,Unknown,Unknown
359,2025-01-28 09:05:47,9.655759939020854,0,0,-2.3,8.51,3.94,Unknown,Unknown
360,2025-01-28 09:06:57,9.652041234889127,0,0,-2.15,8.63,3.75,Unknown,Unknown
361,2025-01-28 09:06:58,9.667709139191144,0,0,-2.19,8.62,3.79,Unknown,Unknown
362,2025-01-28 09:06:58,9.64096986822384,0,0,-2.19,8.59,3.79,Unknown,Unknown
363,2025-01-28 09:06:58,9.667709139191144,0,0,-2.19,8.62,3.79,Unknown,Unknown
364,2025-01-28 09:06:58,9.652041234889127,0,0,-2.15,8.63,3.75,Unknown,Unknown
365,2025-01-28 09:08:39,9.778169562857869,0,0,-0.77,9.51,2.14,Unknown,Unknown
366,2025-01-28 09:08:39,9.763595649144838,0,0,-0.66,9.51,2.11,Unknown,Unknown
367,2025-01-28 09:08:40,9.781743198428384,0,0,-0.7,9.51,2.18,Unknown,Unknown
368,2025-01-28 09:08:40,9.692048287126928,0,0,-0.81,9.39,2.26,Unknown,Unknown
369,2025-01-28 09:08:40,9.715955948850324,0,0,-0.85,9.43,2.18,Unknown,Unknown
370,2025-01-28 09:09:51,9.75792498433965,0,0,-0.81,9.51,2.03,Unknown,Unknown
371,2025-01-28 09:09:51,9.7307913347271,0,0,-0.85,9.47,2.07,Unknown,Unknown
372,2025-01-28 09:09:52,9.718945416041803,0,0,-0.81,9.47,2.03,Unknown,Unknown
373,2025-01-28 09:09:52,9.754686053379675,0,0,-0.77,9.51,2.03,Unknown,Unknown
374,2025-01-28 09:09:52,9.746440375850046,0,0,-0.77,9.51,1.99,Unknown,Unknown
375,2025-01-28 09:10:24,9.754686053379675,0,0,-0.77,9.51,2.03,Unknown,Unknown
376,2025-01-28 09:10:24,9.751610123461663,0,0,-0.73,9.51,2.03,Unknown,Unknown
377,2025-01-28 09:10:24,9.760015368840358,0,0,-0.73,9.51,2.07,Unknown,Unknown
378,2025-01-28 09:10:24,9.721044182596849,0,0,-0.73,9.47,2.07,Unknown,Unknown
379,2025-01-28 09:10:25,9.760015368840358,0,0,-0.73,9.51,2.07,Unknown,Unknown
380,2025-01-28 09:14:25,8.833594964678877,0,0,-1.88,7.16,4.82,In motion,In motion
381,2025-01-28 09:14:25,10.105127411368944,0,0,-2.04,8.32,5.36,In motion,In motion
382,2025-01-28 09:14:25,9.27945580300914,0,0,-1.61,7.59,5.09,In motion,In motion
383,2025-01-28 09:14:25,9.754516902440631,0,0,-1.84,8.09,5.13,In motion,In motion
384,2025-01-28 09:14:25,9.699556690900875,0,0,-1.38,8.09,5.17,In motion,In motion
385,2025-01-28 09:14:33,9.641607749747964,0,0,-2.11,7.86,5.17,Unknown,Unknown
386,2025-01-28 09:14:33,9.563111418361704,0,0,-2.11,7.79,5.13,Unknown,Unknown
387,2025-01-28 09:14:33,9.585395140524986,0,0,-2.15,7.78,5.17,Unknown,Unknown
388,2025-01-28 09:14:33,9.61788958139986,0,0,-2.15,7.82,5.17,Unknown,Unknown
389,2025-01-28 09:14:33,9.585395140524986,0,0,-2.15,7.78,5.17,Unknown,Unknown
390,2025-01-28 09:15:18,9.609916753021327,0,0,-2.3,7.82,5.09,Unknown,Unknown
391,2025-01-28 09:15:18,9.619568597395624,0,0,-2.34,7.82,5.09,Unknown,Unknown
392,2025-01-28 09:15:18,9.616475445816937,0,0,-2.34,7.79,5.13,Unknown,Unknown
393,2025-01-28 09:15:18,9.609916753021327,0,0,-2.3,7.82,5.09,Unknown,Unknown
394,2025-01-28 09:15:18,9.64079353580399,0,0,-2.34,7.82,5.13,Unknown,Unknown
395,2025-01-28 09:15:27,9.54493059168059,0,0,-2.3,7.74,5.09,Unknown,Unknown
396,2025-01-28 09:15:27,9.526793794346554,0,0,-2.27,7.7,5.13,Unknown,Unknown
397,2025-01-28 09:15:27,9.766724118147293,0,0,-2.5,7.9,5.17,Unknown,Unknown
398,2025-01-28 09:15:27,9.626286926951638,0,0,-2.38,7.79,5.13,Unknown,Unknown
399,2025-01-28 09:15:27,9.6182794719222,0,0,-2.42,7.82,5.05,Unknown,Unknown
400,2025-01-28 09:16:19,9.64856466009323,1,0,0.8,8.32,4.82,Unknown,Unknown
401,2025-01-28 09:16:19,9.64856466009323,1,0,0.8,8.32,4.82,Unknown,Unknown
402,2025-01-28 09:16:19,9.64856466009323,1,0,0.8,8.32,4.82,Unknown,Unknown
403,2025-01-28 09:16:19,9.64856466009323,1,0,0.8,8.32,4.82,Unknown,Unknown
404,2025-01-28 09:16:19,9.614093821052506,1,0,0.8,8.28,4.82,Unknown,Unknown
405,2025-01-28 09:18:07,9.69091326965627,1,0,0.76,8.39,4.79,Unknown,Unknown
406,2025-01-28 09:18:07,9.619464642068184,1,0,0.76,8.29,4.82,Unknown,Unknown
407,2025-01-28 09:18:07,9.64533047645336,1,0,0.76,8.32,4.82,Unknown,Unknown
408,2025-01-28 09:18:07,9.616387055438231,1,0,0.72,8.29,4.82,Unknown,Unknown
409,2025-01-28 09:18:08,9.64533047645336,1,0,0.76,8.32,4.82,Unknown,Unknown
410,2025-01-28 09:18:24,9.653237798790622,1,0,0.72,8.35,4.79,Unknown,Unknown
411,2025-01-28 09:18:25,9.642261145602726,1,0,0.72,8.32,4.82,Unknown,Unknown
412,2025-01-28 09:18:25,9.6428056083279,1,0,0.8,8.29,4.86,Unknown,Unknown
413,2025-01-28 09:18:25,9.624390889817391,1,0,0.68,8.32,4.79,Unknown,Unknown
414,2025-01-28 09:18:25,9.64533047645336,1,0,0.76,8.32,4.82,Unknown,Unknown
415,2025-01-28 09:24:00,9.650896331429532,1,0,-0.62,9.23,2.75,Unknown,Unknown
416,2025-01-28 09:24:01,9.651554278974968,0,0,-0.5,9.27,2.64,Unknown,Unknown
417,2025-01-28 09:24:01,9.675892723671549,0,0,-0.54,9.27,2.72,Unknown,Unknown
418,2025-01-28 09:24:01,9.665019399877064,0,0,-0.66,9.23,2.79,Unknown,Unknown
419,2025-01-28 09:24:01,9.6623703096083,0,0,-0.62,9.23,2.79,Unknown,Unknown
420,2025-01-28 09:29:31,10.123146743972448,0,0,-7.44,6.14,-3.07,In motion,In motion
421,2025-01-28 09:29:31,9.644775787958991,0,0,-8.31,4.3,-2.34,In motion,In motion
422,2025-01-28 09:29:31,9.7382801356297,0,0,-8.39,4.18,-2.64,In motion,In motion
423,2025-01-28 09:29:31,9.85152272493953,0,0,-8.85,3.3,-2.8,In motion,In motion
424,2025-01-28 09:29:31,9.665417735411127,0,0,-8.27,3.95,-3.07,In motion,In motion
425,2025-01-28 09:29:36,17.439739103553126,0,0,-9.85,14.14,2.68,In motion,In motion
426,2025-01-28 09:29:36,10.254472195096149,0,1,-7.89,4.11,-5.1,In motion,In motion
427,2025-01-28 09:29:36,7.89342131144664,1,0,-7.21,2.92,-1.34,In motion,In motion
428,2025-01-28 09:29:36,9.57327007871396,0,0,-7.47,5.21,-2.95,In motion,In motion
429,2025-01-28 09:29:36,10.024913964718102,0,0,-8.21,4.98,-2.88,In motion,In motion
430,2025-01-28 09:30:33,9.618939650502025,0,0,-8.82,3.3,-1.96,Unknown,Unknown
431,2025-01-28 09:30:33,9.849532983852589,0,0,-9.05,3.38,-1.92,In motion,Unknown
432,2025-01-28 09:30:33,9.57273733056538,0,0,-8.73,3.38,-2.0,In motion,Unknown
433,2025-01-28 09:30:33,9.40664658632395,0,0,-8.36,3.95,-1.73,In motion,Unknown
434,2025-01-28 09:30:33,9.912033091147345,0,0,-9.2,3.22,-1.8,In motion,Unknown
435,2025-01-28 09:30:41,9.662199542547237,0,0,-8.82,3.49,-1.84,Unknown,Unknown
436,2025-01-28 09:30:41,9.735183614087616,0,0,-8.73,3.8,-2.03,Unknown,Unknown
437,2025-01-28 09:30:41,9.714221533401428,0,0,-8.86,3.49,-1.92,Unknown,Unknown
438,2025-01-28 09:30:41,9.710329551565176,0,0,-8.77,3.76,-1.8,Unknown,Unknown
439,2025-01-28 09:30:41,9.622161919236238,0,0,-8.62,3.8,-1.96,In motion,Unknown
440,2025-01-28 09:31:34,9.69262606314718,0,0,-8.73,3.95,-1.46,Unknown,Unknown
441,2025-01-28 09:31:34,9.662717009206055,0,0,-8.66,4.03,-1.46,Unknown,Unknown
442,2025-01-28 09:31:34,9.642930052634416,0,0,-8.7,3.8,-1.69,Unknown,Unknown
443,2025-01-28 09:31:34,9.681802518126467,0,0,-8.7,3.88,-1.73,Unknown,Unknown
444,2025-01-28 09:31:34,9.722206539669893,0,0,-8.78,3.8,-1.73,Unknown,Unknown
445,2025-01-28 09:31:52,9.69455517287926,0,0,-8.7,3.88,-1.8,Unknown,Unknown
446,2025-01-28 09:31:52,9.721753956977103,0,0,-8.7,3.91,-1.88,Unknown,Unknown
447,2025-01-28 09:31:53,9.667703967333711,0,0,-8.62,3.99,-1.8,Unknown,Unknown
448,2025-01-28 09:31:53,9.678290138242394,0,0,-8.66,3.91,-1.84,Unknown,Unknown
449,2025-01-28 09:31:53,9.678615603483795,0,0,-8.7,3.84,-1.8,Unknown,Unknown
450,2025-01-28 09:32:35,9.661951148706972,0,0,-8.78,3.68,-1.65,Unknown,Unknown
451,2025-01-28 09:32:35,9.668184938239442,0,0,-8.77,3.72,-1.65,Unknown,Unknown
452,2025-01-28 09:32:35,9.726525587279356,0,0,-8.86,3.64,-1.69,Unknown,Unknown
453,2025-01-28 09:32:35,9.71356268317655,0,0,-8.82,3.72,-1.65,Unknown,Unknown
454,2025-01-28 09:32:35,9.710540664659202,0,0,-8.85,3.64,-1.65,Unknown,Unknown
455,2025-01-28 09:33:30,9.68996388022164,0,0,-8.81,3.57,-1.88,Unknown,Unknown
456,2025-01-28 09:33:30,9.67754617658836,0,0,-8.78,3.61,-1.88,Unknown,Unknown
457,2025-01-28 09:33:31,9.68996388022164,0,0,-8.81,3.57,-1.88,Unknown,Unknown
458,2025-01-28 09:33:31,9.68996388022164,0,0,-8.81,3.57,-1.88,Unknown,Unknown
459,2025-01-28 09:33:31,9.704772022051833,0,0,-8.81,3.61,-1.88,Unknown,Unknown
460,2025-01-28 09:33:37,10.003774287737604,0,0,-9.39,3.03,-1.65,In motion,In motion
461,2025-01-28 09:33:37,9.686733195458622,0,0,-8.78,3.88,-1.3,In motion,In motion
462,2025-01-28 09:33:37,10.124988888882791,0,0,-8.97,4.68,-0.39,In motion,In motion
463,2025-01-28 09:33:37,9.07513636261186,0,0,-7.97,4.34,0.04,In motion,In motion
464,2025-01-28 09:33:37,10.809676220868043,0,0,-8.77,6.29,0.61,In motion,In motion
465,2025-01-28 09:33:42,10.035960342687687,1,0,-9.7,2.57,-0.16,In motion,In motion
466,2025-01-28 09:33:42,9.142647319020895,0,0,-7.86,4.22,-2.0,In motion,In motion
467,2025-01-28 09:33:42,4.418472586765703,0,0,-3.34,2.88,-0.27,In motion,In motion
468,2025-01-28 09:33:42,10.508753494111469,0,0,-7.93,6.59,2.03,In motion,In motion
469,2025-01-28 09:33:42,13.972465780956489,0,0,-8.39,8.51,-7.24,In motion,In motion
470,2025-01-28 09:34:37,9.74278707557545,0,0,-1.57,9.39,2.07,Unknown,Unknown
471,2025-01-28 09:34:37,9.73799774080894,0,0,-1.54,9.39,2.07,Unknown,Unknown
472,2025-01-28 09:34:37,9.734366954250287,0,0,-1.57,9.39,2.03,Unknown,Unknown
473,2025-01-28 09:34:37,9.73799774080894,0,0,-1.54,9.39,2.07,Unknown,Unknown
474,2025-01-28 09:34:37,9.74278707557545,0,0,-1.57,9.39,2.07,Unknown,Unknown
475,2025-01-28 09:34:47,9.723543592744363,0,0,-1.34,9.39,2.14,Unknown,Unknown
476,2025-01-28 09:34:48,9.73489085711802,0,0,-1.42,9.39,2.14,Unknown,Unknown
477,2025-01-28 09:34:48,9.73489085711802,0,0,-1.42,9.39,2.14,Unknown,Unknown
478,2025-01-28 09:34:48,9.73489085711802,0,0,-1.42,9.39,2.14,Unknown,Unknown
479,2025-01-28 09:34:48,9.743762107112428,0,0,-1.42,9.39,2.18,Unknown,Unknown
480,2025-01-28 09:35:38,9.73801314437396,0,0,-1.38,9.39,2.18,Unknown,Unknown
481,2025-01-28 09:35:38,9.73489085711802,0,0,-1.42,9.39,2.14,Unknown,Unknown
482,2025-01-28 09:35:38,9.782315676771017,0,0,-1.42,9.43,2.18,Unknown,Unknown
483,2025-01-28 09:35:38,9.743762107112428,0,0,-1.42,9.39,2.18,Unknown,Unknown
484,2025-01-28 09:35:38,9.743762107112428,0,0,-1.42,9.39,2.18,Unknown,Unknown
485,2025-01-28 09:36:42,9.752650921672526,0,0,-1.38,9.43,2.07,Unknown,Unknown
486,2025-01-28 09:36:42,9.71698512914371,0,0,-1.34,9.39,2.11,Unknown,Unknown
487,2025-01-28 09:36:42,9.75564451996894,0,0,-1.34,9.43,2.11,Unknown,Unknown
488,2025-01-28 09:36:43,9.75564451996894,0,0,-1.34,9.43,2.11,Unknown,Unknown
489,2025-01-28 09:36:43,9.722581961598474,0,0,-1.38,9.39,2.11,Unknown,Unknown
490,2025-01-28 09:36:53,9.73272315439004,0,0,-0.77,9.47,2.11,Unknown,Unknown
491,2025-01-28 09:36:53,9.7359693918993,0,0,-0.81,9.47,2.11,Unknown,Unknown
492,2025-01-28 09:36:53,9.73272315439004,0,0,-0.77,9.47,2.11,Unknown,Unknown
493,2025-01-28 09:36:54,9.73272315439004,0,0,-0.77,9.47,2.11,Unknown,Unknown
494,2025-01-28 09:36:54,9.73272315439004,0,0,-0.77,9.47,2.11,Unknown,Unknown
495,2025-01-28 09:37:40,9.76570017971062,1,0,0.57,9.74,0.42,Unknown,Unknown
496,2025-01-28 09:37:40,9.76570017971062,1,0,0.57,9.74,0.42,Unknown,Unknown
497,2025-01-28 09:37:40,9.76570017971062,1,0,0.57,9.74,0.42,Unknown,Unknown
498,2025-01-28 09:37:40,9.759948770357354,1,0,0.61,9.73,0.46,Unknown,Unknown
499,2025-01-28 09:37:40,9.76570017971062,1,0,0.57,9.74,0.42,Unknown,Unknown
500,2025-01-28 09:41:44,12.501943848858064,0,0,-9.27,8.36,0.69,In motion,In motion
501,2025-01-28 09:41:45,12.222229747472433,0,0,-10.88,5.02,-2.41,In motion,In motion
502,2025-01-28 09:41:45,9.03882735757244,0,0,-7.74,3.22,-3.38,In motion,In motion
503,2025-01-28 09:41:45,9.309838881527437,0,0,-7.09,4.95,-3.45,In motion,In motion
504,2025-01-28 09:41:45,12.500627984225432,0,0,-11.34,4.75,-2.26,In motion,In motion
505,2025-01-28 09:41:49,10.760980438603166,0,0,-7.59,6.55,-3.91,In motion,In motion
506,2025-01-28 09:41:50,12.802570054485154,0,1,-9.43,8.47,-1.8,In motion,In motion
507,2025-01-28 09:41:50,10.5553493547111,0,0,-8.93,5.29,-1.92,In motion,In motion
508,2025-01-28 09:41:50,2.622994471972825,0,1,-2.34,-1.18,0.11,In motion,In motion
509,2025-01-28 09:41:50,6.507948985663609,0,0,-5.17,3.91,-0.58,In motion,In motion
510,2025-01-28 09:42:45,9.90374171714913,1,0,-7.51,5.02,-4.06,In motion,In motion
511,2025-01-28 09:42:45,9.034085454543808,0,0,-7.71,4.41,-1.65,In motion,In motion
512,2025-01-28 09:42:45,12.17787337756474,0,0,-10.42,5.91,-2.19,In motion,In motion
513,2025-01-28 09:42:45,11.078420465030202,0,0,-10.84,2.27,-0.27,In motion,In motion
514,2025-01-28 09:42:45,8.46458504594289,0,0,-7.82,3.18,-0.62,In motion,In motion
515,2025-01-28 09:42:50,13.39192667243963,0,0,-9.96,8.7,-2.11,In motion,In motion
516,2025-01-28 09:42:50,13.006233121084676,0,0,-10.73,6.86,-2.64,In motion,In motion
517,2025-01-28 09:42:50,3.8324013359772224,0,1,-3.46,-1.14,-1.19,In motion,In motion
518,2025-01-28 09:42:50,2.319180889883323,0,0,-2.19,-0.76,0.07,In motion,In motion
519,2025-01-28 09:42:50,6.13519355847882,0,1,-5.41,-1.98,2.11,In motion,In motion
520,2025-01-28 09:43:46,9.672414383182725,1,0,-0.2,9.16,3.1,Unknown,Unknown
521,2025-01-28 09:43:46,9.635211466283446,1,0,-0.23,9.12,3.1,Unknown,Unknown
522,2025-01-28 09:43:46,9.634542023365718,1,0,-0.2,9.12,3.1,Unknown,Unknown
523,2025-01-28 09:43:46,9.672414383182725,1,0,-0.2,9.16,3.1,Unknown,Unknown
524,2025-01-28 09:43:46,9.685974396001674,1,0,-0.23,9.16,3.14,Unknown,Unknown
525,2025-01-28 09:43:51,9.703226267587498,1,0,2.87,8.39,3.94,Unknown,Unknown
526,2025-01-28 09:43:51,9.642764126535504,1,0,2.87,8.32,3.94,Unknown,Unknown
527,2025-01-28 09:43:51,9.654687980457991,1,0,2.95,8.32,3.91,Unknown,Unknown
528,2025-01-28 09:43:51,9.689236296014252,1,0,2.91,8.36,3.94,Unknown,Unknown
529,2025-01-28 09:43:51,9.656474511953109,1,0,2.87,8.35,3.91,Unknown,Unknown
530,2025-01-28 09:44:47,9.661625122100318,1,0,2.79,8.35,3.98,Unknown,Unknown
531,2025-01-28 09:44:47,9.661625122100318,1,0,2.79,8.35,3.98,Unknown,Unknown
532,2025-01-28 09:44:47,9.6868002973118,1,0,2.79,8.36,4.02,Unknown,Unknown
533,2025-01-28 09:44:47,9.661625122100318,1,0,2.79,8.35,3.98,Unknown,Unknown
534,2025-01-28 09:44:47,9.675355290634034,1,0,2.75,8.36,4.02,Unknown,Unknown
535,2025-01-28 09:47:43,9.765515859390122,1,0,0.84,9.54,1.91,Unknown,Unknown
536,2025-01-28 09:47:44,9.744136698548518,1,0,0.84,9.51,1.95,Unknown,Unknown
537,2025-01-28 09:47:44,9.732841311765029,1,0,0.8,9.51,1.91,Unknown,Unknown
538,2025-01-28 09:47:44,9.740769990098318,1,0,0.8,9.51,1.95,Unknown,Unknown
539,2025-01-28 09:47:44,9.737566431095605,1,0,0.76,9.51,1.95,Unknown,Unknown
540,2025-01-28 09:50:08,9.728175574073486,1,0,0.65,9.43,2.3,Unknown,Unknown
541,2025-01-28 09:50:08,9.739394231675808,1,0,0.65,9.47,2.18,Unknown,Unknown
542,2025-01-28 09:50:08,9.577750257758863,1,0,0.57,9.28,2.3,Unknown,Unknown
543,2025-01-28 09:50:09,9.80522819724253,1,0,0.45,9.54,2.22,Unknown,Unknown
544,2025-01-28 09:50:09,9.624120739059752,1,0,0.38,9.32,2.37,In motion,Unknown
545,2025-01-28 09:50:13,10.029331981742354,1,0,0.53,9.05,4.29,Unknown,Unknown
546,2025-01-28 09:50:13,9.541787044364384,1,0,-0.12,8.32,4.67,In motion,Unknown
547,2025-01-28 09:50:13,9.43951269928697,1,0,0.34,8.28,4.52,In motion,Unknown
548,2025-01-28 09:50:14,9.673122556858257,1,0,0.26,8.59,4.44,In motion,In motion
549,2025-01-28 09:50:14,9.722952226561642,1,0,-0.23,8.85,4.02,In motion,In motion
550,2025-01-28 09:50:54,9.691506590824773,0,0,-0.81,9.16,3.06,Unknown,Unknown
551,2025-01-28 09:50:54,9.691506590824773,0,0,-0.81,9.16,3.06,Unknown,Unknown
552,2025-01-28 09:50:54,9.637826518463587,0,0,-0.77,9.12,3.02,Unknown,Unknown
553,2025-01-28 09:50:54,9.691506590824773,0,0,-0.81,9.16,3.06,Unknown,Unknown
554,2025-01-28 09:50:54,9.678951389484295,0,0,-0.81,9.16,3.02,Unknown,Unknown
555,2025-01-28 09:51:05,9.64992746086726,0,0,-0.81,9.05,3.25,Unknown,Unknown
556,2025-01-28 09:51:05,9.746065872956123,0,0,-0.85,9.12,3.33,Unknown,Unknown
557,2025-01-28 09:51:06,9.7290595640072,0,0,-0.81,9.12,3.29,Unknown,Unknown
558,2025-01-28 09:51:06,9.657095836740982,0,0,-0.73,9.05,3.29,Unknown,Unknown
559,2025-01-28 09:51:06,9.68418814356681,0,0,-0.77,9.09,3.25,Unknown,Unknown
560,2025-01-28 09:51:55,9.677535843384929,0,0,-0.85,9.09,3.21,Unknown,Unknown
561,2025-01-28 09:51:55,9.677535843384929,0,0,-0.85,9.09,3.21,Unknown,Unknown
562,2025-01-28 09:51:55,9.690877153281845,0,0,-0.85,9.09,3.25,Unknown,Unknown
563,2025-01-28 09:51:55,9.694467494401124,0,0,-0.89,9.09,3.25,Unknown,Unknown
564,2025-01-28 09:51:55,9.677535843384929,0,0,-0.85,9.09,3.21,Unknown,Unknown
565,2025-01-28 09:52:02,9.696422020518703,0,0,-0.7,9.05,3.41,Unknown,Unknown
566,2025-01-28 09:52:02,9.65909933689472,0,0,-0.7,9.01,3.41,Unknown,Unknown
567,2025-01-28 09:52:03,9.696422020518703,0,0,-0.7,9.05,3.41,Unknown,Unknown
568,2025-01-28 09:52:03,9.698633924424616,0,0,-0.73,9.05,3.41,Unknown,Unknown
569,2025-01-28 09:52:03,9.65909933689472,0,0,-0.7,9.01,3.41,Unknown,Unknown
570,2025-01-28 09:52:56,9.670377448683167,1,0,-0.43,9.27,2.72,Unknown,Unknown
571,2025-01-28 09:52:56,9.668800339235473,1,0,-0.43,9.28,2.68,Unknown,Unknown
572,2025-01-28 09:52:56,9.670377448683167,1,0,-0.43,9.27,2.72,Unknown,Unknown
573,2025-01-28 09:52:56,9.670377448683167,1,0,-0.43,9.27,2.72,Unknown,Unknown
574,2025-01-28 09:52:56,9.670377448683167,1,0,-0.43,9.27,2.72,Unknown,Unknown
575,2025-01-28 09:53:37,9.70864048155044,1,0,0.76,9.51,1.8,Unknown,Unknown
576,2025-01-28 09:53:37,9.777218418343736,1,0,0.76,9.58,1.8,Unknown,Unknown
577,2025-01-28 09:53:37,9.738028547914611,1,0,0.76,9.54,1.8,Unknown,Unknown
578,2025-01-28 09:53:37,9.745501526345372,1,0,0.76,9.54,1.84,Unknown,Unknown
579,2025-01-28 09:53:38,9.738028547914611,1,0,0.76,9.54,1.8,Unknown,Unknown
580,2025-01-28 09:53:57,9.759774587560925,1,0,0.72,9.58,1.72,Unknown,Unknown
581,2025-01-28 09:53:57,9.755839277068889,1,0,0.76,9.58,1.68,Unknown,Unknown
582,2025-01-28 09:53:57,9.752804724795835,1,0,0.72,9.58,1.68,Unknown,Unknown
583,2025-01-28 09:53:57,9.755839277068889,1,0,0.76,9.58,1.68,Unknown,Unknown
584,2025-01-28 09:53:57,9.755839277068889,1,0,0.76,9.58,1.68,Unknown,Unknown
585,2025-01-28 09:57:19,11.87854368178187,0,0,-11.69,1.69,1.26,In motion,In motion
586,2025-01-28 09:57:19,6.354423656005318,1,0,-5.29,3.11,-1.65,In motion,In motion
587,2025-01-28 09:57:19,4.529944812025859,1,0,-1.42,3.96,1.68,In motion,In motion
588,2025-01-28 09:57:20,20.328949800715236,1,1,-17.09,10.66,2.75,In motion,In motion
589,2025-01-28 09:57:20,10.470974166714385,1,1,-7.82,6.67,-2.0,In motion,In motion
590,2025-01-28 09:57:24,11.02820928346937,0,0,-8.78,-4.17,-5.21,In motion,In motion
591,2025-01-28 09:57:24,8.83600022634676,0,0,-6.82,5.25,-2.0,In motion,In motion
592,2025-01-28 09:57:25,10.214352647133346,0,0,-8.43,5.41,-2.0,In motion,In motion
593,2025-01-28 09:57:25,13.17150712712862,0,0,-8.97,7.86,-5.59,In motion,In motion
594,2025-01-28 09:57:25,12.195958346927886,0,0,-11.07,5.06,-0.77,In motion,In motion
595,2025-01-28 09:58:01,9.631059131788154,0,0,-1.0,8.78,3.83,Unknown,Unknown
596,2025-01-28 09:58:01,9.631059131788154,0,0,-1.0,8.78,3.83,Unknown,Unknown
597,2025-01-28 09:58:01,9.658416019203148,0,0,-1.0,8.81,3.83,Unknown,Unknown
598,2025-01-28 09:58:01,9.658416019203148,0,0,-1.0,8.81,3.83,Unknown,Unknown
599,2025-01-28 09:58:01,9.654356529567364,0,0,-0.96,8.81,3.83,Unknown,Unknown
600,2025-01-28 09:58:45,9.67258496990334,0,0,-0.73,9.16,3.02,Unknown,Unknown
601,2025-01-28 09:58:45,9.67078073373603,0,0,-0.7,9.12,3.14,Unknown,Unknown
602,2025-01-28 09:58:45,9.629543083656667,0,0,-0.7,9.09,3.1,Unknown,Unknown
603,2025-01-28 09:58:45,9.655594233396512,0,0,-0.7,9.09,3.18,Unknown,Unknown
604,2025-01-28 09:58:46,9.686056989301685,0,0,-0.73,9.12,3.18,Unknown,Unknown
605,2025-01-28 09:59:02,9.662701485609498,0,0,-0.66,9.09,3.21,Unknown,Unknown
606,2025-01-28 09:59:02,9.652776802557904,0,0,-0.66,9.09,3.18,Unknown,Unknown
607,2025-01-28 09:59:02,9.688286742247053,0,0,-0.62,9.12,3.21,Unknown,Unknown
608,2025-01-28 09:59:02,9.69092874806125,0,0,-0.66,9.12,3.21,Unknown,Unknown
609,2025-01-28 09:59:02,9.69092874806125,0,0,-0.66,9.12,3.21,Unknown,Unknown
610,2025-01-28 09:59:16,9.681033002732716,0,0,-0.66,9.12,3.18,Unknown,Unknown
611,2025-01-28 09:59:16,9.681033002732716,0,0,-0.66,9.12,3.18,Unknown,Unknown
612,2025-01-28 09:59:16,9.681033002732716,0,0,-0.66,9.12,3.18,Unknown,Unknown
613,2025-01-28 09:59:16,9.67838829557897,0,0,-0.62,9.12,3.18,Unknown,Unknown
614,2025-01-28 09:59:16,9.681033002732716,0,0,-0.66,9.12,3.18,Unknown,Unknown
