timestamp,acc_magnitude,tilt_x,tilt_y,acc_x,acc_y,acc_z,activity,stability
2024-11-06 11:03:30,11.468662360659154,False,True,-8.80078,1.625,7.17188,Unknown,In motion
2024-11-06 11:03:30,10.754614715130431,False,False,-8.30078,-1.09375,6.75,Unknown,In motion
2024-11-06 11:03:31,9.288526027142304,True,True,-3.35938,-3.27734,8.01563,Unknown,In motion
2024-11-06 11:03:32,6.778104682070055,False,False,-4.20313,-4.69531,2.49609,Unknown,In motion
2024-11-06 11:03:33,10.24419110813538,False,False,-7.0,-2.35938,7.09766,Unknown,In motion
2024-11-06 11:03:33,9.596800030744625,False,False,-7.07422,-2.58984,5.94531,Unknown,In motion
2024-11-06 11:03:34,9.316897000702541,False,True,-7.34375,-1.89844,5.41016,Unknown,In motion
2024-11-06 11:03:35,9.881584429133822,False,True,-8.07422,-1.89844,5.37109,Unknown,In motion
2024-11-06 11:03:36,9.911878667820748,False,True,-8.91406,-0.78906,4.26172,Unknown,In motion
2024-11-06 11:03:37,9.616329348899194,False,True,-4.625,-2.08984,8.16797,Unknown,In motion
2024-11-06 11:03:37,10.989003344566786,True,True,-1.09766,0.51563,10.92188,Unknown,In motion
2024-11-06 11:03:38,9.790678764217525,True,True,1.00781,-0.28906,9.73438,In-Vehicle,In motion
2024-11-06 11:03:39,9.837473806501341,True,True,1.04688,-0.28906,9.77734,In-Vehicle,In motion
2024-11-06 11:03:40,9.757185200015423,True,True,1.04688,-0.32813,9.69531,In-Vehicle,In motion
2024-11-06 11:03:40,9.839058106043485,True,True,1.08594,-0.32813,9.77344,In-Vehicle,On Table
2024-11-06 11:03:41,9.79988389674592,True,True,1.04688,-0.32813,9.73828,Still,On Table
2024-11-06 11:03:42,9.839058106043485,True,True,1.08594,-0.32813,9.77344,Still,On Table
2024-11-06 11:03:43,9.801269488637683,True,True,1.04688,-0.36719,9.73828,Still,On Table
2024-11-06 11:03:43,9.837832627199958,True,True,1.08594,-0.28906,9.77344,Still,On Table
2024-11-06 11:03:44,9.839058106043485,True,True,1.08594,-0.32813,9.77344,Still,On Table
2024-11-06 11:03:45,9.8386993300385,True,True,1.04688,-0.32813,9.77734,Still,On Table
2024-11-06 11:03:46,9.801645176402785,True,True,1.08594,-0.36719,9.73438,Still,On Table
2024-11-06 11:03:47,9.801645176402785,True,True,1.08594,-0.36719,9.73438,Still,On Table
2024-11-06 11:03:47,9.801645176402785,True,True,1.08594,-0.36719,9.73438,Still,On Table
2024-11-06 11:03:48,9.79988389674592,True,True,1.04688,-0.32813,9.73828,Still,On Table
2024-11-06 11:03:49,9.837832627199958,True,True,1.08594,-0.28906,9.77344,Still,On Table
2024-11-06 11:03:50,9.798653518540187,True,True,1.04688,-0.28906,9.73828,Still,On Table
2024-11-06 11:03:50,9.839058106043485,True,True,1.08594,-0.32813,9.77344,Still,On Table
2024-11-06 11:03:51,9.801645176402785,True,True,1.08594,-0.36719,9.73438,Still,On Table
2024-11-06 11:03:52,9.840079456289976,True,True,1.04688,-0.36719,9.77734,Still,On Table
2024-11-06 11:03:53,9.839058106043485,True,True,1.08594,-0.32813,9.77344,Still,On Table
2024-11-06 11:03:54,9.801269488637683,True,True,1.04688,-0.36719,9.73828,Still,On Table
2024-11-06 11:03:54,9.8386993300385,True,True,1.04688,-0.32813,9.77734,Still,On Table
2024-11-06 11:03:55,9.801645176402785,True,True,1.08594,-0.36719,9.73438,Still,On Table
2024-11-06 11:03:56,9.839058106043485,True,True,1.08594,-0.32813,9.77344,Still,On Table
2024-11-06 11:03:57,9.839058106043485,True,True,1.08594,-0.32813,9.77344,Still,On Table
2024-11-06 11:03:57,9.801269488637683,True,True,1.04688,-0.36719,9.73828,Still,On Table
2024-11-06 11:03:58,9.798653518540187,True,True,1.04688,-0.28906,9.73828,Still,On Table
2024-11-06 11:03:59,9.884447569783553,True,True,1.12109,-0.28906,9.81641,Still,On Table
2024-11-06 11:04:00,9.801269488637683,True,True,1.04688,-0.36719,9.73828,Still,On Table
2024-11-06 11:04:01,9.801645176402785,True,True,1.08594,-0.36719,9.73438,Still,On Table
2024-11-06 11:04:02,9.79988389674592,True,True,1.04688,-0.32813,9.73828,Still,On Table
2024-11-06 11:04:02,9.800259637626954,True,True,1.08594,-0.32813,9.73438,Still,On Table
2024-11-06 11:04:03,9.839058106043485,True,True,1.08594,-0.32813,9.77344,Still,On Table
2024-11-06 11:04:04,9.798653518540187,True,True,1.04688,-0.28906,9.73828,Still,On Table
2024-11-06 11:04:05,9.8386993300385,True,True,1.04688,-0.32813,9.77734,Still,On Table
2024-11-06 11:04:05,9.80421674940941,True,True,1.12109,-0.32813,9.73438,Still,On Table
2024-11-06 11:04:06,9.840079456289976,True,True,1.04688,-0.36719,9.77734,Still,On Table
2024-11-06 11:04:07,9.79902930659971,True,True,1.08594,-0.28906,9.73438,Still,On Table
2024-11-06 11:04:08,9.837473806501341,True,True,1.04688,-0.28906,9.77734,Still,On Table
2024-11-06 11:04:08,9.800259637626954,True,True,1.08594,-0.32813,9.73438,Still,On Table
2024-11-06 11:04:09,9.800259637626954,True,True,1.08594,-0.32813,9.73438,Still,On Table
2024-11-06 11:04:10,9.839058106043485,True,True,1.08594,-0.32813,9.77344,Still,On Table
2024-11-06 11:04:11,9.800259637626954,True,True,1.08594,-0.32813,9.73438,Still,On Table
2024-11-06 11:04:11,9.801269488637683,True,True,1.04688,-0.36719,9.73828,Still,On Table
2024-11-06 11:04:12,9.766727332535705,True,True,1.08594,-0.36719,9.69922,Still,On Table
2024-11-06 11:04:13,9.836762430657762,True,True,1.08594,-0.25,9.77344,Still,On Table
2024-11-06 11:04:14,9.841774631909635,True,True,1.12109,-0.28906,9.77344,Still,On Table
2024-11-06 11:04:14,9.800259637626954,True,True,1.08594,-0.32813,9.73438,Still,On Table
2024-11-06 11:04:15,9.837832627199958,True,True,1.08594,-0.28906,9.77344,Still,On Table
2024-11-06 11:04:16,9.805601729042435,True,True,1.12109,-0.36719,9.73438,Still,On Table
2024-11-06 11:04:17,9.79902930659971,True,True,1.08594,-0.28906,9.73438,Still,On Table
2024-11-06 11:04:17,9.79988389674592,True,True,1.04688,-0.32813,9.73828,Still,On Table
2024-11-06 11:04:18,9.79988389674592,True,True,1.04688,-0.32813,9.73828,Still,On Table
2024-11-06 11:04:19,9.800259637626954,True,True,1.08594,-0.32813,9.73438,Still,On Table
2024-11-06 11:04:20,9.800259637626954,True,True,1.08594,-0.32813,9.73438,Still,On Table
2024-11-06 11:04:21,9.8386993300385,True,True,1.04688,-0.32813,9.77734,Still,On Table
2024-11-06 11:04:21,9.837832627199958,True,True,1.08594,-0.28906,9.77344,Still,On Table
2024-11-06 11:04:22,9.798653518540187,True,True,1.04688,-0.28906,9.73828,Still,On Table
2024-11-06 11:04:23,9.839058106043485,True,True,1.08594,-0.32813,9.77344,Still,On Table
2024-11-06 11:04:24,9.800259637626954,True,True,1.08594,-0.32813,9.73438,Still,On Table
2024-11-06 11:04:24,9.839058106043485,True,True,1.08594,-0.32813,9.77344,Still,On Table
2024-11-06 11:04:25,9.79988389674592,True,True,1.04688,-0.32813,9.73828,Still,On Table
2024-11-06 11:04:26,9.800259637626954,True,True,1.08594,-0.32813,9.73438,Still,On Table
2024-11-06 11:04:27,9.800259637626954,True,True,1.08594,-0.32813,9.73438,Still,On Table
2024-11-06 11:04:27,9.839058106043485,True,True,1.08594,-0.32813,9.77344,Still,On Table
2024-11-06 11:04:28,9.757185200015423,True,True,1.04688,-0.32813,9.69531,Still,On Table
2024-11-06 11:04:29,9.800259637626954,True,True,1.08594,-0.32813,9.73438,Still,On Table
2024-11-06 11:04:30,9.837832627199958,True,True,1.08594,-0.28906,9.77344,Still,On Table
2024-11-06 11:04:30,9.8386993300385,True,True,1.04688,-0.32813,9.77734,Still,On Table
2024-11-06 11:04:31,9.76410210800768,True,True,1.08594,-0.28906,9.69922,Still,On Table
2024-11-06 11:04:32,9.839058106043485,True,True,1.08594,-0.32813,9.77344,Still,On Table
2024-11-06 11:04:33,9.839058106043485,True,True,1.08594,-0.32813,9.77344,Still,On Table
2024-11-06 11:04:34,9.839058106043485,True,True,1.08594,-0.32813,9.77344,Still,On Table
2024-11-06 11:04:34,9.800259637626954,True,True,1.08594,-0.32813,9.73438,Still,On Table
2024-11-06 11:04:35,9.800259637626954,True,True,1.08594,-0.32813,9.73438,Still,On Table
2024-11-06 11:04:36,9.839058106043485,True,True,1.08594,-0.32813,9.77344,Still,On Table
2024-11-06 11:04:37,9.839058106043485,True,True,1.08594,-0.32813,9.77344,Still,On Table
2024-11-06 11:04:37,9.837832627199958,True,True,1.08594,-0.28906,9.77344,Still,On Table
2024-11-06 11:04:38,9.800259637626954,True,True,1.08594,-0.32813,9.73438,Still,On Table
2024-11-06 11:04:39,9.8386993300385,True,True,1.04688,-0.32813,9.77734,Still,On Table
2024-11-06 11:04:40,9.837832627199958,True,True,1.08594,-0.28906,9.77344,Still,On Table
2024-11-06 11:04:40,9.800259637626954,True,True,1.08594,-0.32813,9.73438,Still,On Table
2024-11-06 11:04:41,9.80191291394185,True,True,1.12109,-0.25,9.73438,Still,On Table
2024-11-06 11:04:42,9.837832627199958,True,True,1.08594,-0.28906,9.77344,Still,On Table
2024-11-06 11:04:43,9.839058106043485,True,True,1.08594,-0.32813,9.77344,Still,On Table
2024-11-06 11:04:43,9.84299961996342,True,True,1.12109,-0.32813,9.77344,Still,On Table
2024-11-06 11:04:44,9.8386993300385,True,True,1.04688,-0.32813,9.77734,Still,On Table
2024-11-06 11:04:45,9.801269488637683,True,True,1.04688,-0.36719,9.73828,Still,On Table
2024-11-06 11:04:46,9.79988389674592,True,True,1.04688,-0.32813,9.73828,Still,On Table
2024-11-06 11:04:46,9.798653518540187,True,True,1.04688,-0.28906,9.73828,Still,On Table
2024-11-06 11:04:47,9.839058106043485,True,True,1.08594,-0.32813,9.77344,Still,On Table
2024-11-06 11:04:48,9.801269488637683,True,True,1.04688,-0.36719,9.73828,Still,On Table
2024-11-06 11:04:49,9.790678764217525,True,True,1.00781,-0.28906,9.73438,Still,On Table
2024-11-06 11:04:50,9.848904972396678,True,True,1.16016,-0.36719,9.77344,Still,On Table
2024-11-06 11:04:50,9.801645176402785,True,True,1.08594,-0.36719,9.73438,Still,On Table
2024-11-06 11:04:51,9.837832627199958,True,True,1.08594,-0.28906,9.77344,Still,On Table
2024-11-06 11:04:52,9.839058106043485,True,True,1.08594,-0.32813,9.77344,Still,On Table
2024-11-06 11:04:53,9.839058106043485,True,True,1.08594,-0.32813,9.77344,Still,On Table
2024-11-06 11:04:53,9.837832627199958,True,True,1.08594,-0.28906,9.77344,Still,On Table
2024-11-06 11:04:54,9.839058106043485,True,True,1.08594,-0.32813,9.77344,Still,On Table
2024-11-06 11:04:55,9.839058106043485,True,True,1.08594,-0.32813,9.77344,Still,On Table
2024-11-06 11:04:56,9.839058106043485,True,True,1.08594,-0.32813,9.77344,Still,On Table
2024-11-06 11:04:56,9.839058106043485,True,True,1.08594,-0.32813,9.77344,Still,On Table
2024-11-06 11:04:57,9.837832627199958,True,True,1.08594,-0.28906,9.77344,Still,On Table
2024-11-06 11:04:58,9.79988389674592,True,True,1.04688,-0.32813,9.73828,Still,On Table
2024-11-06 11:04:59,9.837832627199958,True,True,1.08594,-0.28906,9.77344,Still,On Table
2024-11-06 11:04:59,9.800259637626954,True,True,1.08594,-0.32813,9.73438,Still,On Table
2024-11-06 11:05:00,9.839058106043485,True,True,1.08594,-0.32813,9.77344,Still,In motion
2024-11-06 11:05:01,9.87025500220739,True,True,0.96875,-0.44531,9.8125,Still,In motion
2024-11-06 11:05:02,12.005863681522458,True,True,3.19141,2.27734,11.34766,Still,In motion
2024-11-06 11:05:02,8.879465877106574,True,True,0.39453,-0.51953,8.85547,Still,In motion
2024-11-06 11:05:03,9.504810086235285,True,False,1.23828,-1.13281,9.35547,Still,In motion
2024-11-06 11:05:04,8.993550252408665,True,True,1.23828,-1.24609,8.82031,Still,In motion
2024-11-06 11:05:05,9.761643092446064,True,True,1.50391,-0.55859,9.62891,Still,In motion
2024-11-06 11:05:06,9.560785017272378,True,True,1.16016,-0.63672,9.46875,Still,Stable
2024-11-06 11:05:06,9.748247037929435,True,True,1.3125,-0.25,9.65625,Still,Stable
2024-11-06 11:05:07,9.776935360029746,True,True,1.50391,-0.28906,9.65625,Still,Stable
2024-11-06 11:05:08,9.96354047999505,True,True,1.66016,-0.48047,9.8125,Still,Stable
2024-11-06 11:05:09,9.892695810814159,True,True,1.50391,-0.28906,9.77344,Still,Stable
2024-11-06 11:05:09,9.954408283147723,True,True,1.27734,-0.63672,9.85156,Still,Stable
2024-11-06 11:05:10,10.005253955247712,True,True,1.46875,-0.21484,9.89453,Still,Stable
2024-11-06 11:05:11,9.658383612887821,True,True,1.12109,-0.25,9.58984,Still,Stable
2024-11-06 11:05:12,9.78483696659786,True,True,1.23828,-0.36719,9.69922,Still,Stable
2024-11-06 11:05:12,9.81707935316813,True,True,1.23828,-0.28906,9.73438,Still,Stable
2024-11-06 11:05:13,9.722248696762492,True,True,1.3125,-0.28906,9.62891,Still,Stable
2024-11-06 11:05:14,9.752562820730763,True,True,1.50391,-0.36719,9.62891,Still,Stable
2024-11-06 11:05:15,9.813916695850846,True,True,1.42969,-0.51953,9.69531,Still,Stable
2024-11-06 11:05:15,9.830939345657667,True,True,1.35156,-0.25,9.73438,Still,Stable
2024-11-06 11:05:16,9.643671628612205,True,True,1.3125,-0.36719,9.54688,Still,Stable
2024-11-06 11:05:17,9.791888507433079,True,True,1.3125,-0.28906,9.69922,Still,Stable
2024-11-06 11:05:18,9.791888507433079,True,True,1.3125,-0.28906,9.69922,Still,Stable
2024-11-06 11:05:18,9.818307422346278,True,True,1.23828,-0.32813,9.73438,Still,Stable
2024-11-06 11:05:19,9.953123763492545,True,True,1.35156,-0.32813,9.85547,Still,Stable
2024-11-06 11:05:20,9.819042261972395,True,True,1.23828,-0.21484,9.73828,Still,Stable
2024-11-06 11:05:21,9.867380095607952,True,True,1.3125,-0.21484,9.77734,Still,Stable
2024-11-06 11:05:21,9.803085107357784,True,True,1.12109,-0.09766,9.73828,Still,Stable
2024-11-06 11:05:22,9.931401110497953,True,True,1.23828,-0.21484,9.85156,Still,Stable
2024-11-06 11:05:23,9.825645537795468,True,True,1.3125,-0.25,9.73438,Still,Stable
2024-11-06 11:05:24,9.78454724003109,True,True,1.27734,-0.17578,9.69922,Still,Stable
2024-11-06 11:05:24,9.762276118293315,True,True,1.12109,-0.21484,9.69531,Still,Stable
2024-11-06 11:05:25,9.794417007989805,True,True,1.04688,-0.02344,9.73828,Still,Stable
2024-11-06 11:05:26,9.652729951552567,True,True,1.08594,-0.17578,9.58984,Still,Stable
2024-11-06 11:05:27,9.94092786963068,True,True,1.3125,-0.21484,9.85156,Still,Stable
2024-11-06 11:05:28,9.814397075276707,True,True,1.23828,-0.17578,9.73438,Still,Stable
2024-11-06 11:05:28,10.303874098396195,True,True,1.16016,0.28516,10.23438,Still,Stable
2024-11-06 11:05:29,9.49771583045629,True,True,0.625,0.39844,9.46875,Still,Stable
2024-11-06 11:05:30,9.839462906485291,True,True,0.625,-0.25,9.81641,Still,Stable
2024-11-06 11:05:31,9.919397944487358,True,True,0.50781,-0.55859,9.89063,Still,Stable
2024-11-06 11:05:31,9.618831686982574,True,True,0.70313,-0.25,9.58984,Still,Stable
2024-11-06 11:05:32,9.738796904469257,True,True,0.77734,-0.40625,9.69922,Still,Stable
2024-11-06 11:05:33,9.768470881079596,True,True,0.625,-0.44531,9.73828,Still,Stable
2024-11-06 11:05:34,9.847733193126224,True,True,0.70313,-0.44531,9.8125,Still,Stable
2024-11-06 11:05:34,9.77917802685379,True,True,0.77734,-0.51953,9.73438,Still,Stable
2024-11-06 11:05:35,9.778036926587053,True,True,0.73828,-0.48047,9.73828,Still,Stable
2024-11-06 11:05:36,9.796485309237188,True,True,0.58594,-0.32813,9.77344,Still,Stable
2024-11-06 11:05:37,9.761561511341307,True,True,0.54688,-0.48047,9.73438,Still,Stable
2024-11-06 11:05:37,9.614823998264347,True,True,0.73828,-0.09766,9.58594,Still,Stable
2024-11-06 11:05:38,9.99835937274211,True,True,0.73828,-0.21484,9.96875,Still,Stable
2024-11-06 11:05:39,9.724962297335656,True,True,0.43359,-0.55859,9.69922,Still,Stable
2024-11-06 11:05:40,9.83806234122858,True,True,0.39453,-0.51953,9.81641,Still,Stable
2024-11-06 11:05:40,9.723514945759069,True,True,0.66406,-0.17578,9.69922,Still,Stable
2024-11-06 11:05:41,9.53787773329581,True,True,0.625,-0.32813,9.51172,Still,Stable
2024-11-06 11:05:42,10.117933195010728,True,True,0.70313,-0.48047,10.08203,Still,Stable
2024-11-06 11:05:43,9.933863394641582,True,True,0.73828,-0.55859,9.89063,Still,Stable
2024-11-06 11:05:43,9.857612350858599,True,True,0.43359,-0.78906,9.81641,Still,Stable
2024-11-06 11:05:44,10.046500374528435,True,True,0.73828,-0.48047,10.00781,Still,Stable
2024-11-06 11:05:45,9.608695380185596,True,True,0.625,-0.21484,9.58594,Still,Stable
2024-11-06 11:05:46,9.759141580574594,True,True,0.54688,-0.32813,9.73828,Still,Stable
2024-11-06 11:05:46,10.160660473601114,True,True,0.77734,-0.44531,10.12109,Still,Stable
2024-11-06 11:05:47,9.54043643744876,True,True,0.625,-0.48047,9.50781,Still,Stable
2024-11-06 11:05:48,10.148238950138099,True,True,0.70313,-0.36719,10.11719,Still,Stable
2024-11-06 11:05:49,9.424000676724296,True,True,0.73828,-0.09766,9.39453,Still,Stable
2024-11-06 11:05:49,9.38041696600423,True,True,0.70313,-0.21484,9.35156,Still,Stable
2024-11-06 11:05:50,9.824424296807422,True,True,0.43359,-0.21484,9.8125,Still,Stable
2024-11-06 11:05:51,9.89030343721061,True,True,0.77734,-0.28906,9.85547,Still,Stable
2024-11-06 11:05:52,10.264910781614226,True,True,1.08594,-0.40625,10.19922,Still,Stable
2024-11-06 11:05:52,9.666175765053106,True,True,0.85547,-0.25,9.625,Still,Stable
2024-11-06 11:05:53,9.85474336510089,True,True,1.23828,-0.25,9.77344,Still,Stable
2024-11-06 11:05:54,9.576773101728996,True,True,1.08594,-0.25,9.51172,Still,Stable
2024-11-06 11:05:55,9.992022276781613,True,True,1.08594,-0.25,9.92969,Still,Stable
2024-11-06 11:05:55,9.611235942520608,True,True,1.04688,-0.25,9.55078,Still,Stable
2024-11-06 11:05:56,9.676014561176517,True,True,0.96875,-0.21484,9.625,Still,Stable
2024-11-06 11:05:57,9.839462906485291,True,True,0.625,-0.25,9.81641,Still,Stable
2024-11-06 11:05:58,9.191005602190655,True,True,0.50781,-0.40625,9.16797,Still,Stable
2024-11-06 11:05:58,8.940345289556774,True,True,0.125,0.32422,8.93359,Still,Stable
2024-11-06 11:05:59,10.048907263598366,True,True,-0.02734,-0.86328,10.01172,Still,Stable
2024-11-06 11:06:00,10.01237173909359,True,True,0.35547,-0.86328,9.96875,Still,Stable
2024-11-06 11:06:01,10.301658817142025,True,True,0.47266,-0.59766,10.27344,Still,Stable
2024-11-06 11:06:02,9.732824829169587,True,True,0.47266,-0.71094,9.69531,Still,Stable
2024-11-06 11:06:02,9.855515177259887,True,True,0.47266,-0.78906,9.8125,Still,Stable
2024-11-06 11:06:03,9.732824829169587,True,True,0.47266,-0.71094,9.69531,Still,Stable
2024-11-06 11:06:04,9.76357599729218,True,True,0.47266,-0.51953,9.73828,Still,Stable
2024-11-06 11:06:05,9.843255950400762,True,True,0.50781,-0.51953,9.81641,Still,Stable
2024-11-06 11:06:05,9.876565867248594,True,True,0.47266,-0.51953,9.85156,Still,Stable
2024-11-06 11:06:06,9.795187327223509,True,True,0.39453,-0.51953,9.77344,Still,Stable
2024-11-06 11:06:07,9.84024156277172,True,True,0.43359,-0.59766,9.8125,Still,Stable
2024-11-06 11:06:08,9.798147061057005,True,True,0.35547,-0.59766,9.77344,Still,Stable
2024-11-06 11:06:08,10.18475668609221,True,True,0.47266,-1.36328,10.08203,Still,Stable
2024-11-06 11:06:09,10.355350951566056,True,True,0.92969,-0.86328,10.27734,Still,Stable
2024-11-06 11:06:10,9.76357599729218,True,True,0.47266,-0.51953,9.73828,Still,Stable
2024-11-06 11:06:11,9.80255187274212,True,True,0.50781,-0.55859,9.77344,Still,Stable
2024-11-06 11:06:11,9.799412950769042,True,True,0.58594,-0.40625,9.77344,Still,Stable
2024-11-06 11:06:12,9.838129225381214,True,True,0.58594,-0.28906,9.81641,Still,Stable
2024-11-06 11:06:13,9.952480519754863,True,True,0.625,-0.25,9.92969,Still,Stable
2024-11-06 11:06:14,9.829813248780466,True,True,0.39453,-0.32813,9.81641,Still,Stable
2024-11-06 11:06:15,9.787220909676046,True,True,0.47266,-0.21484,9.77344,Still,Stable
2024-11-06 11:06:15,9.788289526296207,True,True,0.39453,-0.36719,9.77344,Still,Stable
2024-11-06 11:06:16,9.691452016973514,True,True,0.31641,-0.71094,9.66016,Still,Stable
2024-11-06 11:06:17,10.011152345469526,True,True,-0.06641,-0.25,10.00781,Still,Stable
2024-11-06 11:06:18,10.096372382598613,True,True,0.16406,-1.32422,10.00781,Still,Stable
2024-11-06 11:06:18,9.488914359282626,True,True,0.08984,-1.05469,9.42969,Still,Stable
2024-11-06 11:06:19,9.6655685298331,True,True,-0.29297,-0.13672,9.66016,Still,Stable
2024-11-06 11:06:20,9.862992463841794,True,True,-0.29297,-0.25,9.85547,Still,Stable
2024-11-06 11:06:21,9.804799929386627,True,True,-0.17969,-0.71094,9.77734,Still,Stable
2024-11-06 11:06:22,8.77138990966084,True,True,-0.60156,0.28516,8.74609,Still,Stable
2024-11-06 11:06:22,9.828796989647309,True,True,0.08984,-0.55859,9.8125,Still,Stable
2024-11-06 11:06:23,9.244487267761258,True,True,0.28125,-0.32813,9.23438,Still,Stable
2024-11-06 11:06:24,9.549719639109831,True,True,0.08984,-0.21484,9.54688,Still,Stable
2024-11-06 11:06:25,9.965100915685701,True,True,-0.06641,-0.78906,9.93359,Still,Stable
2024-11-06 11:06:25,9.76043893871582,True,True,0.05078,-0.71094,9.73438,Still,Stable
2024-11-06 11:06:26,9.529647306595349,True,True,-0.10156,-0.63672,9.50781,Still,Stable
2024-11-06 11:06:27,9.869249930192263,True,True,-0.02734,-1.01953,9.81641,Still,Stable
2024-11-06 11:06:28,9.753185349561445,True,True,-0.10156,-1.01953,9.69922,Still,Stable
2024-11-06 11:06:28,9.811623739239087,True,True,0.05078,-0.86328,9.77344,Still,Stable
2024-11-06 11:06:29,9.763361746488757,True,True,0.05078,-0.75,9.73438,Still,Stable
2024-11-06 11:06:30,9.837448290695102,True,True,0.08984,-0.63672,9.81641,Still,Stable
2024-11-06 11:06:31,9.917835504226716,True,True,-0.10156,-0.67188,9.89453,Still,Stable
2024-11-06 11:06:32,9.695818728225069,True,True,-0.06641,-0.82813,9.66016,Still,Stable
2024-11-06 11:06:32,9.896568386572184,True,False,0.05078,-0.94141,9.85156,Still,Stable
2024-11-06 11:06:33,9.822595264964347,True,False,-0.02734,-0.94141,9.77734,Still,Stable
2024-11-06 11:06:34,9.702258867846188,True,False,-0.06641,-0.94141,9.65625,Still,Stable
2024-11-06 11:06:35,9.773112133624581,True,True,-0.10156,-0.86328,9.73438,Still,Stable
2024-11-06 11:06:35,9.81911427977595,True,True,-0.06641,-0.90234,9.77734,Still,Stable
2024-11-06 11:06:36,9.900553115715304,True,False,-0.06641,-0.94141,9.85547,Still,Stable
2024-11-06 11:06:37,9.822721676938627,True,False,-0.06641,-0.98047,9.77344,Still,Stable
2024-11-06 11:06:38,10.119774575359868,True,True,0.16406,-0.90234,10.07813,Still,Stable
2024-11-06 11:06:39,9.791703849055077,True,True,0.01172,-0.59766,9.77344,Still,Stable
2024-11-06 11:06:39,10.172021287831637,True,True,-0.10156,-0.48047,10.16016,Still,Stable
2024-11-06 11:06:40,9.787765592212557,True,True,-0.10156,-0.51953,9.77344,Still,Stable
2024-11-06 11:06:41,9.968576121623387,True,False,-0.06641,-1.21094,9.89453,Still,Stable
2024-11-06 11:06:42,9.874270712786844,True,False,-0.14063,-1.09375,9.8125,Still,Stable
2024-11-06 11:06:42,9.819682225948048,True,False,-0.14063,-0.94141,9.77344,Still,Stable
2024-11-06 11:06:43,9.45925497735419,True,False,-0.10156,-1.13281,9.39063,Still,Stable
2024-11-06 11:06:44,9.64006031799594,True,False,-0.06641,-0.98047,9.58984,Still,Stable
2024-11-06 11:06:45,10.068723695215795,True,False,-0.17969,-1.05469,10.01172,Still,Stable
2024-11-06 11:06:45,10.023523866056289,True,False,0.20313,-1.32422,9.93359,Still,Stable
2024-11-06 11:06:46,9.7176973008064,True,False,0.05078,-1.05469,9.66016,Still,Stable
2024-11-06 11:06:47,9.783640056936886,True,False,0.01172,-0.98047,9.73438,Still,Stable
2024-11-06 11:06:48,9.838909258921946,True,False,-0.02734,-1.13281,9.77344,Still,Stable
2024-11-06 11:06:49,9.706918268961577,True,False,-0.14063,-0.98047,9.65625,Still,Stable
2024-11-06 11:06:49,9.896959212571304,True,True,-0.10156,-0.94141,9.85156,Still,Stable
2024-11-06 11:06:50,9.905119238994551,True,False,-0.14063,-0.98047,9.85547,Still,Stable
2024-11-06 11:06:51,9.87390769052962,True,False,-0.14063,-1.05469,9.81641,Still,Stable
2024-11-06 11:06:52,9.784643693165327,True,False,-0.14063,-0.98047,9.73438,Still,Stable
2024-11-06 11:06:52,9.73532623236633,True,False,-0.17969,-0.86328,9.69531,Still,Stable
2024-11-06 11:06:53,9.695848633193485,True,False,-0.10156,-1.13281,9.62891,Still,Stable
2024-11-06 11:06:54,10.263199975178306,True,False,0.125,-1.17188,10.19531,Still,Stable
2024-11-06 11:06:55,9.596227031609871,True,True,-0.17969,-0.40625,9.58594,Still,Stable
2024-11-06 11:06:56,9.775182719632406,True,True,-0.33203,-0.82813,9.73438,Still,Stable
2024-11-06 11:06:56,9.611818681154988,True,False,-0.21875,-1.09375,9.54688,Still,Stable
2024-11-06 11:06:57,9.776639805863772,True,False,-0.10156,-0.90234,9.73438,Still,Stable
2024-11-06 11:06:58,9.557902532988082,True,True,-0.25781,-0.90234,9.51172,Still,Stable
2024-11-06 11:06:59,9.79807606672861,True,True,-0.21875,-1.09375,9.73438,Still,Stable
2024-11-06 11:06:59,9.657720445788438,True,True,-0.33203,-1.09375,9.58984,Still,Stable
2024-11-06 11:07:00,9.819377695663816,True,True,-0.29297,-0.90234,9.77344,Still,In motion
2024-11-06 11:07:01,10.615804850415252,False,True,-10.59766,-0.21484,0.58203,Still,In motion
2024-11-06 11:07:02,5.872701383775613,False,True,-4.73438,2.46875,-2.44531,Still,In motion
2024-11-06 11:07:02,4.69895280991414,False,True,-3.85156,2.31641,-1.37109,Still,In motion
2024-11-06 11:07:03,11.754565393616218,True,True,-5.92578,10.125,0.73438,Walking,In motion
2024-11-06 11:07:04,11.8471470940307,False,True,-10.02734,6.26172,0.77344,Walking,In motion
2024-11-06 11:07:05,8.093924633433401,False,False,-7.03516,3.15625,2.46094,Walking,In motion
2024-11-06 11:07:06,10.0504066066503,False,False,-8.1875,-5.73047,-1.06641,Walking,In motion
2024-11-06 11:07:06,9.47622157234095,False,False,-7.91406,-5.03906,-1.33203,Walking,In motion
2024-11-06 11:07:07,9.690880495362638,False,False,-7.95703,-5.38672,-1.25781,Walking,In motion
2024-11-06 11:07:08,9.599069523542374,False,False,-7.99609,-5.19531,-1.10156,Walking,Stable
2024-11-06 11:07:09,9.647394851305714,False,False,-8.03125,-5.23047,-1.10156,Walking,Stable
2024-11-06 11:07:09,9.591849523439157,False,False,-7.99219,-5.19531,-1.06641,Walking,Stable
2024-11-06 11:07:10,9.591849523439157,False,False,-7.99219,-5.19531,-1.06641,Still,Stable
2024-11-06 11:07:11,9.618518201500686,False,False,-8.07422,-5.11719,-1.06641,Still,Stable
2024-11-06 11:07:12,9.639355422381728,False,False,-8.07422,-5.15625,-1.06641,Still,Stable
2024-11-06 11:07:12,9.540981738490018,False,False,-8.03125,-5.03906,-1.06641,Still,Stable
2024-11-06 11:07:13,9.405357413788165,False,False,-7.80859,-5.11719,-1.14063,Still,Stable
2024-11-06 11:07:14,9.561447424710341,False,False,-7.95313,-5.15625,-1.25781,Still,Stable
2024-11-06 11:07:15,9.553406770000953,False,False,-7.91797,-5.19531,-1.25781,Still,Stable
2024-11-06 11:07:16,9.580758006520151,False,False,-7.95703,-5.19531,-1.21875,Still,Stable
2024-11-06 11:07:17,9.627668182831188,False,False,-7.95313,-5.26953,-1.29297,Still,Stable
2024-11-06 11:07:17,9.719281438444922,False,False,-7.91406,-5.5,-1.25781,Still,Stable
2024-11-06 11:07:18,9.595605801271747,False,False,-7.95313,-5.26953,-1.02734,Still,Stable
2024-11-06 11:07:19,9.593065615604846,False,False,-7.91406,-5.30859,-1.10156,Still,Stable
2024-11-06 11:07:20,9.617981845496486,False,False,-7.95313,-5.26953,-1.21875,Still,Stable
2024-11-06 11:07:20,9.444248889144122,False,False,-7.99219,-4.92578,-1.02734,Still,Stable
2024-11-06 11:07:21,9.5917548818712,False,False,-7.95313,-5.23047,-1.17969,Still,Stable
2024-11-06 11:07:22,9.468607330558175,False,False,-7.87891,-5.11719,-1.17969,Still,Stable
2024-11-06 11:07:23,9.599869499336958,False,False,-7.95703,-5.23047,-1.21875,Still,Stable
2024-11-06 11:07:24,9.71533300059756,False,False,-8.1875,-5.15625,-0.875,Still,Stable
2024-11-06 11:07:24,9.600666706333472,False,False,-7.87891,-5.42188,-0.83594,Still,Stable
2024-11-06 11:07:25,9.590454774832109,False,False,-8.07422,-5.03906,-1.17969,Still,Stable
2024-11-06 11:07:26,9.71253287453381,False,False,-8.10938,-5.23047,-1.10156,Still,Stable
2024-11-06 11:07:27,9.550490211057232,False,False,-8.03125,-5.00391,-1.29297,Still,Stable
2024-11-06 11:07:27,9.552203478208575,False,False,-7.99219,-5.07813,-1.25781,Still,Stable
2024-11-06 11:07:28,9.60383556978148,False,False,-7.95313,-5.26953,-1.10156,Still,Stable
2024-11-06 11:07:29,9.56789211842922,False,False,-7.95313,-5.19531,-1.14063,Still,Stable
2024-11-06 11:07:30,9.582557390775179,False,False,-7.99609,-5.15625,-1.14063,Still,Stable
2024-11-06 11:07:31,9.597794704691282,False,False,-8.07422,-5.07813,-1.06641,Still,Stable
2024-11-06 11:07:31,9.553026696932234,False,False,-7.99609,-5.11719,-1.06641,Still,Stable
2024-11-06 11:07:32,9.548264572308414,False,False,-8.03516,-5.03906,-1.10156,Still,Stable
2024-11-06 11:07:33,9.589727011510806,False,False,-8.03516,-5.11719,-1.10156,Still,Stable
2024-11-06 11:07:34,9.553751562909724,False,False,-7.99219,-5.11719,-1.10156,Still,Stable
2024-11-06 11:07:34,9.595742730747839,False,False,-8.03125,-5.11719,-1.17969,Still,Stable
2024-11-06 11:07:35,9.540749256840366,False,False,-7.99609,-5.07813,-1.14063,Still,Stable
2024-11-06 11:07:36,9.61191590797069,False,False,-8.03125,-5.15625,-1.14063,Still,Stable
2024-11-06 11:07:37,9.60490649813417,False,False,-7.95703,-5.23047,-1.25781,Still,Stable
2024-11-06 11:07:38,9.585699957071471,False,False,-7.91406,-5.26953,-1.21875,Still,Stable
2024-11-06 11:07:38,9.588063681025485,False,False,-8.29688,-4.61719,-1.33203,Still,Stable
2024-11-06 11:07:39,9.579776753479175,False,False,-7.875,-5.26953,-1.41016,Still,Stable
2024-11-06 11:07:40,9.588816810086634,False,False,-7.87891,-5.26953,-1.44922,Still,Stable
2024-11-06 11:07:41,9.554133986165361,False,False,-7.72656,-5.38672,-1.60156,Still,Stable
2024-11-06 11:07:41,9.558168734679253,False,False,-7.80859,-5.30859,-1.48438,Still,Stable
2024-11-06 11:07:42,9.545812624758565,False,False,-7.80469,-5.26953,-1.5625,Still,Stable
2024-11-06 11:07:43,9.575714639362433,False,False,-7.875,-5.23047,-1.52344,Still,Stable
2024-11-06 11:07:44,9.571379647391488,False,False,-7.83594,-5.26953,-1.5625,Still,Stable
2024-11-06 11:07:44,9.571379647391488,False,False,-7.83594,-5.26953,-1.5625,Still,Stable
2024-11-06 11:07:45,9.585220157043866,False,False,-7.87891,-5.23047,-1.5625,Still,Stable
2024-11-06 11:07:46,9.594193722945144,False,False,-7.87891,-5.26953,-1.48438,Still,Stable
2024-11-06 11:07:47,9.585220157043866,False,False,-7.87891,-5.23047,-1.5625,Still,Stable
2024-11-06 11:07:48,9.51797624763794,False,False,-7.80469,-5.23047,-1.52344,Still,Stable
2024-11-06 11:07:48,9.570799262621696,False,False,-7.95703,-5.11719,-1.44922,Still,Stable
2024-11-06 11:07:49,9.55040601129083,False,False,-7.875,-5.19531,-1.48438,Still,Stable
2024-11-06 11:07:50,9.591740149305547,False,False,-7.95703,-5.15625,-1.44922,Still,Stable
2024-11-06 11:07:51,9.568980233290276,False,False,-7.91797,-5.19531,-1.37109,Still,Stable
2024-11-06 11:07:51,9.577007812855745,False,False,-7.95313,-5.15625,-1.37109,Still,Stable
2024-11-06 11:07:52,9.601325960777501,False,False,-7.95703,-5.19531,-1.37109,Still,Stable
2024-11-06 11:07:53,9.544587342268915,False,False,-7.91406,-5.15625,-1.37109,Still,Stable
2024-11-06 11:07:54,9.577007812855745,False,False,-7.95313,-5.15625,-1.37109,Still,Stable
2024-11-06 11:07:54,9.577007812855745,False,False,-7.95313,-5.15625,-1.37109,Still,Stable
2024-11-06 11:07:55,9.609469436274825,False,False,-7.99219,-5.15625,-1.37109,Still,Stable
2024-11-06 11:07:56,9.58260764420103,False,False,-7.91797,-5.23047,-1.33203,Still,Stable
2024-11-06 11:07:57,9.577007812855745,False,False,-7.95313,-5.15625,-1.37109,Still,Stable
2024-11-06 11:07:58,9.606983066634395,False,False,-7.95703,-5.19531,-1.41016,Still,Stable
2024-11-06 11:07:58,9.577007812855745,False,False,-7.95313,-5.15625,-1.37109,Still,Stable
2024-11-06 11:07:59,9.577007812855745,False,False,-7.95313,-5.15625,-1.37109,Still,Stable
2024-11-06 11:08:00,9.559361986649527,False,False,-7.91797,-5.15625,-1.44922,Still,Stable
2024-11-06 11:08:01,9.550278057297598,False,False,-7.91406,-5.15625,-1.41016,Still,Stable
2024-11-06 11:08:01,9.574656450369382,False,False,-7.91797,-5.19531,-1.41016,Still,Stable
2024-11-06 11:08:02,9.582679274868799,False,False,-7.95313,-5.15625,-1.41016,Still,Stable
2024-11-06 11:08:03,9.577007812855745,False,False,-7.95313,-5.15625,-1.37109,Still,Stable
2024-11-06 11:08:04,9.601325960777501,False,False,-7.95703,-5.19531,-1.37109,Still,Stable
2024-11-06 11:08:05,9.503482198720635,False,False,-7.95313,-5.03906,-1.29297,Still,Stable
2024-11-06 11:08:05,9.563461655587897,False,False,-7.91797,-5.19531,-1.33203,Still,Stable
2024-11-06 11:08:06,9.601325960777501,False,False,-7.95703,-5.19531,-1.37109,Still,Stable
2024-11-06 11:08:07,9.601325960777501,False,False,-7.95703,-5.19531,-1.37109,Still,Stable
2024-11-06 11:08:08,9.568980233290276,False,False,-7.91797,-5.19531,-1.37109,Still,Stable
2024-11-06 11:08:08,9.601325960777501,False,False,-7.95703,-5.19531,-1.37109,Still,Stable
2024-11-06 11:08:09,9.564187368997954,False,False,-7.875,-5.23047,-1.44922,Still,Stable
2024-11-06 11:08:10,9.561568408718312,False,False,-7.87891,-5.23047,-1.41016,Still,Stable
2024-11-06 11:08:11,9.568980233290276,False,False,-7.91797,-5.19531,-1.37109,Still,Stable
2024-11-06 11:08:11,9.568980233290276,False,False,-7.91797,-5.19531,-1.37109,Still,Stable
2024-11-06 11:08:12,9.574656450369382,False,False,-7.91797,-5.19531,-1.41016,Still,Stable
2024-11-06 11:08:13,9.568980233290276,False,False,-7.91797,-5.19531,-1.37109,Still,Stable
2024-11-06 11:08:14,9.596374352478128,False,False,-7.91406,-5.23047,-1.44922,Still,Stable
2024-11-06 11:08:14,9.574656450369382,False,False,-7.91797,-5.19531,-1.41016,Still,Stable
2024-11-06 11:08:15,9.563461655587897,False,False,-7.91797,-5.19531,-1.33203,Still,Stable
2024-11-06 11:08:16,9.544587342268915,False,False,-7.91406,-5.15625,-1.37109,Still,Stable
2024-11-06 11:08:17,9.606983066634395,False,False,-7.95703,-5.19531,-1.41016,Still,Stable
2024-11-06 11:08:18,9.561718544205325,False,False,-7.95313,-5.11719,-1.41016,Still,Stable
2024-11-06 11:08:18,9.57149386356696,False,False,-7.95313,-5.15625,-1.33203,Still,Stable
2024-11-06 11:08:19,9.577007812855745,False,False,-7.95313,-5.15625,-1.37109,Still,Stable
2024-11-06 11:08:20,9.574656450369382,False,False,-7.91797,-5.19531,-1.41016,Still,Stable
2024-11-06 11:08:21,9.544587342268915,False,False,-7.91406,-5.15625,-1.37109,Still,Stable
2024-11-06 11:08:21,9.582679274868799,False,False,-7.95313,-5.15625,-1.41016,Still,Stable
2024-11-06 11:08:22,9.544587342268915,False,False,-7.91406,-5.15625,-1.37109,Still,Stable
2024-11-06 11:08:23,9.544587342268915,False,False,-7.91406,-5.15625,-1.37109,Still,Stable
2024-11-06 11:08:24,9.552203478208575,False,False,-7.99219,-5.07813,-1.25781,Still,Stable
2024-11-06 11:08:24,9.598634615376293,False,False,-7.99219,-5.15625,-1.29297,Still,Stable
2024-11-06 11:08:25,9.561718544205325,False,False,-7.95313,-5.11719,-1.41016,Still,Stable
2024-11-06 11:08:26,9.574656450369382,False,False,-7.91797,-5.19531,-1.41016,Still,Stable
2024-11-06 11:08:27,9.57149386356696,False,False,-7.95313,-5.15625,-1.33203,Still,Stable
2024-11-06 11:08:27,9.585805047730734,False,False,-7.95703,-5.19531,-1.25781,Still,Stable
2024-11-06 11:08:28,9.568980233290276,False,False,-7.91797,-5.19531,-1.37109,Still,Stable
2024-11-06 11:08:29,9.558099514961121,False,False,-7.91797,-5.19531,-1.29297,Still,Stable
2024-11-06 11:08:30,9.593961697583538,False,False,-7.99219,-5.15625,-1.25781,Still,Stable
2024-11-06 11:08:30,9.550508584044097,False,False,-7.95313,-5.11719,-1.33203,Still,Stable
2024-11-06 11:08:31,9.595825985182307,False,False,-7.95703,-5.19531,-1.33203,Still,Stable
2024-11-06 11:08:32,9.606983066634395,False,False,-7.95703,-5.19531,-1.41016,Still,Stable
2024-11-06 11:08:33,9.601325960777501,False,False,-7.95703,-5.19531,-1.37109,Still,Stable
2024-11-06 11:08:33,9.568980233290276,False,False,-7.91797,-5.19531,-1.37109,Still,Stable
2024-11-06 11:08:34,9.57149386356696,False,False,-7.95313,-5.15625,-1.33203,Still,Stable
2024-11-06 11:08:35,9.595825985182307,False,False,-7.95703,-5.19531,-1.33203,Still,Stable
2024-11-06 11:08:36,9.53517534615384,False,False,-7.95313,-5.07813,-1.37109,Still,Stable
2024-11-06 11:08:36,9.595825985182307,False,False,-7.95703,-5.19531,-1.33203,Still,Stable
2024-11-06 11:08:37,9.590481939814078,False,False,-7.95703,-5.19531,-1.29297,Still,Stable
2024-11-06 11:08:38,9.588115202160434,False,False,-7.91797,-5.23047,-1.37109,Still,Stable
2024-11-06 11:08:39,9.577255885069585,False,False,-7.91406,-5.19531,-1.44922,Still,Stable
2024-11-06 11:08:40,9.574103572084438,False,False,-7.875,-5.26953,-1.37109,Still,Stable
2024-11-06 11:08:40,9.58260764420103,False,False,-7.91797,-5.23047,-1.33203,Still,Stable
2024-11-06 11:08:41,9.593780097928033,False,False,-7.91797,-5.23047,-1.41016,Still,Stable
2024-11-06 11:08:42,9.579776753479175,False,False,-7.875,-5.26953,-1.41016,Still,Stable
2024-11-06 11:08:43,9.577255885069585,False,False,-7.91406,-5.19531,-1.44922,Still,Stable
2024-11-06 11:08:43,9.529637192186279,False,False,-7.95313,-5.07813,-1.33203,Still,Stable
2024-11-06 11:08:44,9.57149386356696,False,False,-7.95313,-5.15625,-1.33203,Still,Stable
2024-11-06 11:08:45,9.577007812855745,False,False,-7.95313,-5.15625,-1.37109,Still,Stable
2024-11-06 11:08:46,9.568980233290276,False,False,-7.91797,-5.19531,-1.37109,Still,Stable
2024-11-06 11:08:46,9.606983066634395,False,False,-7.95703,-5.19531,-1.41016,Still,Stable
2024-11-06 11:08:47,9.545004431874299,False,False,-7.875,-5.19531,-1.44922,Still,Stable
2024-11-06 11:08:48,9.561568408718312,False,False,-7.87891,-5.23047,-1.41016,Still,Stable
2024-11-06 11:08:49,9.574656450369382,False,False,-7.91797,-5.19531,-1.41016,Still,Stable
2024-11-06 11:08:49,9.60174703316537,False,False,-7.91406,-5.23047,-1.48438,Still,Stable
2024-11-06 11:08:50,9.577255885069585,False,False,-7.91406,-5.19531,-1.44922,Still,Stable
2024-11-06 11:08:51,9.577255885069585,False,False,-7.91406,-5.19531,-1.44922,Still,Stable
2024-11-06 11:08:52,9.596374352478128,False,False,-7.91406,-5.23047,-1.44922,Still,Stable
2024-11-06 11:08:52,9.577255885069585,False,False,-7.91406,-5.19531,-1.44922,Still,Stable
2024-11-06 11:08:53,9.561718544205325,False,False,-7.95313,-5.11719,-1.41016,Still,Stable
2024-11-06 11:08:54,9.569578120549517,False,False,-7.875,-5.23047,-1.48438,Still,Stable
2024-11-06 11:08:54,9.60174703316537,False,False,-7.91406,-5.23047,-1.48438,Still,Stable
2024-11-06 11:08:55,9.564755457814906,False,False,-7.91797,-5.15625,-1.48438,Still,Stable
2024-11-06 11:08:56,9.577255885069585,False,False,-7.91406,-5.19531,-1.44922,Still,Stable
2024-11-06 11:08:57,9.561718544205325,False,False,-7.95313,-5.11719,-1.41016,Still,Stable
2024-11-06 11:08:57,9.54361784325525,False,False,-7.83594,-5.23047,-1.52344,Still,Stable
2024-11-06 11:08:58,9.53835001587801,False,False,-7.91797,-5.11719,-1.44922,Still,Stable
2024-11-06 11:08:59,9.59423189827096,False,False,-7.99219,-5.11719,-1.41016,Still,Stable
2024-11-06 11:09:00,9.647733448504887,False,False,-7.91797,-5.30859,-1.48438,Still,Stable
2024-11-06 11:09:00,9.211155255590906,False,False,-6.88281,-6.11328,0.31641,Still,Stable
2024-11-06 11:09:01,10.750875177403001,False,False,-10.02344,-3.73828,-1.06641,Still,In motion
2024-11-06 11:09:02,9.677281928439411,False,False,-8.29688,-3.125,3.87891,Still,In motion
2024-11-06 11:09:03,8.575536643592633,False,True,-4.16406,5.14844,5.44922,Still,In motion
2024-11-06 11:09:03,10.154458196028973,False,True,-4.01172,4.95703,7.90234,Still,In motion
2024-11-06 11:09:04,9.965226717210202,False,True,-4.05078,4.38281,7.98047,Still,In motion
2024-11-06 11:09:05,9.700841376808508,False,True,-3.39844,4.42188,7.9375,Walking,In motion
2024-11-06 11:09:06,9.74116741727602,False,True,-3.32031,4.42188,8.01953,Walking,In motion
2024-11-06 11:09:06,9.682342986994419,False,True,-3.28125,4.26953,8.04688,Walking,Stable
2024-11-06 11:09:07,9.676952556021963,False,True,-3.28125,4.30859,8.01953,Walking,Stable
2024-11-06 11:09:08,9.735299716814065,False,True,-3.28125,4.30859,8.08984,Still,Stable
2024-11-06 11:09:09,9.696879534927719,False,True,-3.01563,4.42188,8.08594,Still,Stable
2024-11-06 11:09:09,9.723458499196674,False,True,-3.08984,4.42188,8.08984,Still,Stable
2024-11-06 11:09:10,9.651659042895163,False,True,-3.16797,4.34375,8.01563,Still,Stable
2024-11-06 11:09:11,9.702502790790632,False,True,-3.08984,4.38281,8.08594,Still,Stable
2024-11-06 11:09:12,9.677024660720878,False,True,-3.05469,4.34375,8.08984,Still,Stable
2024-11-06 11:09:13,9.664765883610427,False,True,-3.01563,4.34375,8.08984,Still,Stable
2024-11-06 11:09:13,9.69462045248807,False,True,-3.05469,4.38281,8.08984,Still,Stable
2024-11-06 11:09:14,9.68238395327308,False,True,-3.01563,4.38281,8.08984,Still,Stable
2024-11-06 11:09:15,9.677024660720878,False,True,-3.05469,4.34375,8.08984,Still,Stable
2024-11-06 11:09:16,9.69462045248807,False,True,-3.05469,4.38281,8.08984,Still,Stable
2024-11-06 11:09:16,9.69462045248807,False,True,-3.05469,4.38281,8.08984,Still,Stable
2024-11-06 11:09:17,9.709710234950371,False,True,-3.05469,4.34375,8.12891,Still,Stable
2024-11-06 11:09:18,9.677024660720878,False,True,-3.05469,4.34375,8.08984,Still,Stable
2024-11-06 11:09:19,9.628835136910384,False,True,-3.01563,4.34375,8.04688,Still,Stable
2024-11-06 11:09:19,9.69462045248807,False,True,-3.05469,4.38281,8.08984,Still,Stable
2024-11-06 11:09:20,9.709710234950371,False,True,-3.05469,4.34375,8.12891,Still,Stable
2024-11-06 11:09:21,9.72724690137451,False,True,-3.05469,4.38281,8.12891,Still,Stable
2024-11-06 11:09:22,9.69462045248807,False,True,-3.05469,4.38281,8.08984,Still,Stable
2024-11-06 11:09:22,9.709710234950371,False,True,-3.05469,4.34375,8.12891,Still,Stable
2024-11-06 11:09:23,9.715051496574787,False,True,-3.01563,4.38281,8.12891,Still,Stable
2024-11-06 11:09:24,9.641139600327339,False,True,-3.05469,4.34375,8.04688,Still,Stable
2024-11-06 11:09:25,9.68238395327308,False,True,-3.01563,4.38281,8.08984,Still,Stable
2024-11-06 11:09:25,9.697492776357196,False,True,-3.01563,4.34375,8.12891,Still,Stable
2024-11-06 11:09:26,9.709710234950371,False,True,-3.05469,4.34375,8.12891,Still,Stable
2024-11-06 11:09:27,9.697492776357196,False,True,-3.01563,4.34375,8.12891,Still,Stable
2024-11-06 11:09:28,9.677024660720878,False,True,-3.05469,4.34375,8.08984,Still,Stable
2024-11-06 11:09:28,9.677024660720878,False,True,-3.05469,4.34375,8.08984,Still,Stable
2024-11-06 11:09:29,9.677024660720878,False,True,-3.05469,4.34375,8.08984,Still,On Table
2024-11-06 11:09:30,9.664765883610427,False,True,-3.01563,4.34375,8.08984,Still,On Table
2024-11-06 11:09:31,9.72724690137451,False,True,-3.05469,4.38281,8.12891,Still,On Table
2024-11-06 11:09:32,9.69462045248807,False,True,-3.05469,4.38281,8.08984,Still,On Table
2024-11-06 11:09:32,9.730049683871096,False,True,-3.12891,4.34375,8.125,Still,On Table
2024-11-06 11:09:33,9.688056739800816,False,True,-2.97656,4.42188,8.08984,Still,On Table
2024-11-06 11:09:34,9.664765883610427,False,True,-3.01563,4.34375,8.08984,Still,On Table
2024-11-06 11:09:35,9.697492776357196,False,True,-3.01563,4.34375,8.12891,Still,On Table
2024-11-06 11:09:35,9.68238395327308,False,True,-3.01563,4.38281,8.08984,Still,On Table
2024-11-06 11:09:36,9.664765883610427,False,True,-3.01563,4.34375,8.08984,Still,On Table
2024-11-06 11:09:37,9.649378175804905,False,True,-2.97656,4.34375,8.08594,Still,On Table
2024-11-06 11:09:38,9.664765883610427,False,True,-3.01563,4.34375,8.08984,Still,On Table
2024-11-06 11:09:38,9.697492776357196,False,True,-3.01563,4.34375,8.12891,Still,On Table
2024-11-06 11:09:39,9.66702428947502,False,True,-2.97656,4.38281,8.08594,Still,On Table
2024-11-06 11:09:40,9.697492776357196,False,True,-3.01563,4.34375,8.12891,Still,On Table
2024-11-06 11:09:41,9.68238395327308,False,True,-3.01563,4.38281,8.08984,Still,On Table
2024-11-06 11:09:41,9.664765883610427,False,True,-3.01563,4.34375,8.08984,Still,On Table
2024-11-06 11:09:42,9.664765883610427,False,True,-3.01563,4.34375,8.08984,Still,On Table
2024-11-06 11:09:43,9.72724690137451,False,True,-3.05469,4.38281,8.12891,Still,On Table
2024-11-06 11:09:44,9.68213295178805,False,True,-2.97656,4.34375,8.125,Still,On Table
2024-11-06 11:09:44,9.68238395327308,False,True,-3.01563,4.38281,8.08984,Still,On Table
2024-11-06 11:09:45,9.68238395327308,False,True,-3.01563,4.38281,8.08984,Still,On Table
2024-11-06 11:09:46,9.646518829474186,False,True,-3.01563,4.38281,8.04688,Still,On Table
2024-11-06 11:09:47,9.664765883610427,False,True,-3.01563,4.34375,8.08984,Still,On Table
2024-11-06 11:09:47,9.715051496574787,False,True,-3.01563,4.38281,8.12891,Still,On Table
2024-11-06 11:09:48,9.68213295178805,False,True,-2.97656,4.34375,8.125,Still,On Table
2024-11-06 11:09:49,9.68238395327308,False,True,-3.01563,4.38281,8.08984,Still,On Table
2024-11-06 11:09:50,9.68238395327308,False,True,-3.01563,4.38281,8.08984,Still,On Table
2024-11-06 11:09:50,9.68238395327308,False,True,-3.01563,4.38281,8.08984,Still,On Table
2024-11-06 11:09:51,9.68238395327308,False,True,-3.01563,4.38281,8.08984,Still,On Table
2024-11-06 11:09:52,9.702502790790632,False,True,-3.08984,4.38281,8.08594,Still,On Table
2024-11-06 11:09:53,9.723458499196674,False,True,-3.08984,4.42188,8.08984,Still,On Table
2024-11-06 11:09:53,9.694032008008845,False,True,-3.05469,4.30859,8.12891,Still,On Table
2024-11-06 11:09:54,9.681794765078426,False,True,-3.01563,4.30859,8.12891,Still,On Table
2024-11-06 11:09:55,9.696879534927719,False,True,-3.01563,4.42188,8.08594,Still,On Table
2024-11-06 11:09:56,9.66702428947502,False,True,-2.97656,4.38281,8.08594,Still,On Table
2024-11-06 11:09:56,9.715051496574787,False,True,-3.01563,4.38281,8.12891,Still,On Table
2024-11-06 11:09:57,9.664765883610427,False,True,-3.01563,4.34375,8.08984,Still,On Table
2024-11-06 11:09:58,9.664765883610427,False,True,-3.01563,4.34375,8.08984,Still,On Table
2024-11-06 11:09:59,9.68238395327308,False,True,-3.01563,4.38281,8.08984,Still,On Table
2024-11-06 11:09:59,9.715051496574787,False,True,-3.01563,4.38281,8.12891,Still,On Table
2024-11-06 11:10:00,9.628835136910384,False,True,-3.01563,4.34375,8.04688,Still,On Table
2024-11-06 11:10:01,9.68238395327308,False,True,-3.01563,4.38281,8.08984,Still,On Table
2024-11-06 11:10:02,9.677024660720878,False,True,-3.05469,4.34375,8.08984,Still,On Table
2024-11-06 11:10:02,9.649378175804905,False,True,-2.97656,4.34375,8.08594,Still,On Table
2024-11-06 11:10:03,9.68238395327308,False,True,-3.01563,4.38281,8.08984,Still,On Table
2024-11-06 11:10:04,9.715051496574787,False,True,-3.01563,4.38281,8.12891,Still,On Table
2024-11-06 11:10:05,9.715051496574787,False,True,-3.01563,4.38281,8.12891,Still,On Table
2024-11-06 11:10:06,9.68238395327308,False,True,-3.01563,4.38281,8.08984,Still,On Table
2024-11-06 11:10:06,9.747757778786873,False,True,-3.01563,4.38281,8.16797,Still,On Table
2024-11-06 11:10:07,9.664765883610427,False,True,-3.01563,4.34375,8.08984,Still,On Table
2024-11-06 11:10:08,9.66447559394197,False,True,-3.01563,4.26953,8.12891,Still,On Table
2024-11-06 11:10:09,9.709710234950371,False,True,-3.05469,4.34375,8.12891,Still,On Table
2024-11-06 11:10:09,9.68238395327308,False,True,-3.01563,4.38281,8.08984,Still,On Table
2024-11-06 11:10:10,9.646518829474186,False,True,-3.01563,4.38281,8.04688,Still,On Table
2024-11-06 11:10:11,9.66702428947502,False,True,-2.97656,4.38281,8.08594,Still,On Table
2024-11-06 11:10:12,9.68238395327308,False,True,-3.01563,4.38281,8.08984,Still,On Table
2024-11-06 11:10:12,9.69462045248807,False,True,-3.05469,4.38281,8.08984,Still,On Table
2024-11-06 11:10:13,9.697492776357196,False,True,-3.01563,4.34375,8.12891,Still,On Table
2024-11-06 11:10:14,9.715051496574787,False,True,-3.01563,4.38281,8.12891,Still,On Table
2024-11-06 11:10:15,9.68238395327308,False,True,-3.01563,4.38281,8.08984,Still,On Table
2024-11-06 11:10:15,9.747757778786873,False,True,-3.01563,4.38281,8.16797,Still,On Table
2024-11-06 11:10:16,9.68238395327308,False,True,-3.01563,4.38281,8.08984,Still,On Table
2024-11-06 11:10:17,9.68238395327308,False,True,-3.01563,4.38281,8.08984,Still,On Table
2024-11-06 11:10:18,9.700324841534947,False,True,-3.01563,4.5,8.04688,Still,On Table
2024-11-06 11:10:18,9.715051496574787,False,True,-3.01563,4.38281,8.12891,Still,On Table
2024-11-06 11:10:19,9.646518829474186,False,True,-3.01563,4.38281,8.04688,Still,On Table
2024-11-06 11:10:20,9.667580133606341,False,True,-3.01563,4.42188,8.05078,Still,On Table
2024-11-06 11:10:21,9.667580133606341,False,True,-3.01563,4.42188,8.05078,Still,On Table
2024-11-06 11:10:22,9.688056739800816,False,True,-2.97656,4.42188,8.08984,Still,On Table
2024-11-06 11:10:22,9.661551364837843,False,True,-2.89844,4.26953,8.16797,Still,On Table
2024-11-06 11:10:23,9.735078824626948,False,True,-3.08984,4.38281,8.125,Still,On Table
2024-11-06 11:10:24,9.709097765194253,False,True,-3.05469,4.42188,8.08594,Still,On Table
2024-11-06 11:10:25,9.69971947685602,False,True,-2.97656,4.38281,8.125,Still,On Table
2024-11-06 11:10:25,9.697492776357196,False,True,-3.01563,4.34375,8.12891,Still,On Table
2024-11-06 11:10:26,9.68238395327308,False,True,-3.01563,4.38281,8.08984,Still,On Table
2024-11-06 11:10:27,9.696879534927719,False,True,-3.01563,4.42188,8.08594,Still,On Table
2024-11-06 11:10:28,9.68238395327308,False,True,-3.01563,4.38281,8.08984,Still,On Table
2024-11-06 11:10:28,9.730049683871096,False,True,-3.12891,4.34375,8.125,Still,On Table
2024-11-06 11:10:29,9.677024660720878,False,True,-3.05469,4.34375,8.08984,Still,On Table
2024-11-06 11:10:30,9.664765883610427,False,True,-3.01563,4.34375,8.08984,Still,On Table
2024-11-06 11:10:31,9.68238395327308,False,True,-3.01563,4.38281,8.08984,Still,On Table
2024-11-06 11:10:31,9.68238395327308,False,True,-3.01563,4.38281,8.08984,Still,On Table
2024-11-06 11:10:32,9.637634125556955,False,True,-2.97656,4.38281,8.05078,Still,On Table
2024-11-06 11:10:33,9.66702428947502,False,True,-2.97656,4.38281,8.08594,Still,On Table
2024-11-06 11:10:34,9.696879534927719,False,True,-3.01563,4.42188,8.08594,Still,On Table
2024-11-06 11:10:34,9.715051496574787,False,True,-3.01563,4.38281,8.12891,Still,On Table
2024-11-06 11:10:35,9.715051496574787,False,True,-3.01563,4.38281,8.12891,Still,On Table
2024-11-06 11:10:36,9.688056739800816,False,True,-2.97656,4.42188,8.08984,Still,On Table
2024-11-06 11:10:37,9.715051496574787,False,True,-3.01563,4.38281,8.12891,Still,On Table
2024-11-06 11:10:37,9.68238395327308,False,True,-3.01563,4.38281,8.08984,Still,On Table
2024-11-06 11:10:38,9.68238395327308,False,True,-3.01563,4.38281,8.08984,Still,On Table
2024-11-06 11:10:39,9.68238395327308,False,True,-3.01563,4.38281,8.08984,Still,On Table
2024-11-06 11:10:40,9.68238395327308,False,True,-3.01563,4.38281,8.08984,Still,On Table
2024-11-06 11:10:40,9.688056739800816,False,True,-2.97656,4.42188,8.08984,Still,On Table
2024-11-06 11:10:41,9.66702428947502,False,True,-2.97656,4.38281,8.08594,Still,On Table
2024-11-06 11:10:42,9.69971947685602,False,True,-2.97656,4.38281,8.125,Still,On Table
2024-11-06 11:10:43,9.646518829474186,False,True,-3.01563,4.38281,8.04688,Still,On Table
2024-11-06 11:10:43,9.68238395327308,False,True,-3.01563,4.38281,8.08984,Still,On Table
2024-11-06 11:10:44,9.649378175804905,False,True,-2.97656,4.34375,8.08594,Still,On Table
2024-11-06 11:10:45,9.69462045248807,False,True,-3.05469,4.38281,8.08984,Still,On Table
2024-11-06 11:10:46,9.68238395327308,False,True,-3.01563,4.38281,8.08984,Still,On Table
2024-11-06 11:10:46,9.606039861784875,False,True,-2.9375,4.19141,8.12891,Still,On Table
2024-11-06 11:10:47,9.674149712062555,False,True,-2.89844,4.23047,8.20313,Still,On Table
2024-11-06 11:10:48,9.66702428947502,False,True,-2.97656,4.38281,8.08594,Still,On Table
2024-11-06 11:10:49,9.687804433724908,False,True,-2.9375,4.38281,8.125,Still,On Table
2024-11-06 11:10:49,9.590536887630432,False,True,-2.97656,4.34375,8.01563,Still,On Table
2024-11-06 11:10:50,9.697492776357196,False,True,-3.01563,4.34375,8.12891,Still,On Table
2024-11-06 11:10:51,9.649378175804905,False,True,-2.97656,4.34375,8.08594,Still,On Table
2024-11-06 11:10:52,9.696879534927719,False,True,-3.01563,4.42188,8.08594,Still,On Table
2024-11-06 11:10:53,9.66702428947502,False,True,-2.97656,4.38281,8.08594,Still,On Table
2024-11-06 11:10:53,9.68238395327308,False,True,-3.01563,4.38281,8.08984,Still,On Table
2024-11-06 11:10:54,9.696879534927719,False,True,-3.01563,4.42188,8.08594,Still,On Table
2024-11-06 11:10:55,9.729474396456368,False,True,-3.01563,4.42188,8.125,Still,On Table
2024-11-06 11:10:56,9.696879534927719,False,True,-3.01563,4.42188,8.08594,Still,On Table
2024-11-06 11:10:56,9.696879534927719,False,True,-3.01563,4.42188,8.08594,Still,On Table
2024-11-06 11:10:57,9.720705219072327,False,True,-2.97656,4.42188,8.12891,Still,On Table
2024-11-06 11:10:58,9.720705219072327,False,True,-2.97656,4.42188,8.12891,Still,On Table
2024-11-06 11:10:59,9.492006618134019,False,True,-2.74609,4.69141,7.78125,Still,On Table
2024-11-06 11:10:59,10.278118828623262,False,True,-4.08594,5.49609,7.66406,Still,In motion
2024-11-06 11:11:00,10.715963384357936,False,True,-4.05078,5.45703,8.28516,Still,In motion
2024-11-06 11:11:01,9.617086750081857,False,True,-3.05469,5.53125,7.25,Still,In motion
2024-11-06 11:11:02,9.072956117765587,False,False,-4.08594,-1.17188,8.01563,Still,In motion
2024-11-06 11:11:02,9.149720321567212,False,False,-8.41797,-3.23828,1.53906,Still,In motion
2024-11-06 11:11:03,6.118525171035909,False,False,-3.70313,-4.62109,1.53906,Still,In motion
2024-11-06 11:11:04,11.049629192334917,False,True,-9.60547,-5.46094,0.08594,Still,In motion
2024-11-06 11:11:05,14.575055633135676,False,True,-14.39453,-2.28125,0.16016,Still,In motion
2024-11-06 11:11:05,2.770960738281941,False,True,-0.17969,-1.01953,2.57031,Still,In motion
2024-11-06 11:11:06,15.423988565591586,True,False,-14.81641,-1.09375,4.14453,Still,In motion
2024-11-06 11:11:07,3.0269673685390135,True,True,-0.44922,0.66797,2.91797,Walking,In motion
2024-11-06 11:11:08,17.476410312675767,False,False,-14.23828,-1.59375,10.00781,Walking,In motion
2024-11-06 11:11:08,7.69047336331126,True,True,-6.69141,-3.77734,0.31641,Walking,In motion
2024-11-06 11:11:09,3.5578491694983363,True,True,-0.44922,-0.71094,3.45703,Walking,In motion
2024-11-06 11:11:10,15.613430049329327,False,False,-13.00781,-8.41016,1.96094,Walking,In motion
2024-11-06 11:11:11,8.580200457600043,False,False,-8.30078,-2.12891,0.42969,Walking,In motion
2024-11-06 11:11:12,9.94614134336025,True,True,-8.76172,-3.27734,3.37891,Walking,In motion
2024-11-06 11:11:12,9.005458370288544,False,False,-8.71875,-1.74609,1.42578,Walking,In motion
2024-11-06 11:11:13,14.043978230754277,False,False,-13.16797,-3.96875,2.84375,Walking,In motion
2024-11-06 11:11:14,8.280923630066878,False,False,-7.1875,-3.42969,2.26953,Walking,In motion
2024-11-06 11:11:15,3.592585918805561,True,True,0.625,-0.13672,3.53516,Running,In motion
2024-11-06 11:11:15,16.973272744126277,False,False,-13.70703,-2.625,9.66016,Running,In motion
2024-11-06 11:11:16,13.280165335672594,False,False,-11.17188,-6.6875,2.61328,Running,In motion
2024-11-06 11:11:17,10.472414948033714,False,True,-7.60938,1.20313,7.09375,Running,In motion
2024-11-06 11:11:18,16.742242211472156,False,False,-14.51172,-7.41406,3.83984,Running,In motion
2024-11-06 11:11:18,6.574546091449965,False,True,-5.8125,-2.82031,-1.21875,Running,In motion
2024-11-06 11:11:19,7.911185935452409,True,False,0.16406,-7.49219,2.53516,Running,In motion
2024-11-06 11:11:20,6.600061270874687,False,False,-6.42578,-1.32422,-0.71875,Running,In motion
2024-11-06 11:11:21,9.805555456851998,False,False,-8.95703,-3.62109,-1.67578,Running,In motion
2024-11-06 11:11:21,12.783280941561912,True,True,-12.17578,-3.89063,0.16016,Running,In motion
2024-11-06 11:11:22,5.660051182171412,True,True,-0.10156,-5.65234,0.27734,Running,In motion
2024-11-06 11:11:23,16.44428860782369,False,False,-13.39453,-2.05078,9.31641,Running,In motion
2024-11-06 11:11:24,10.272589328582157,True,False,-9.68359,-3.125,-1.41016,Running,In motion
2024-11-06 11:11:24,5.190140924618522,True,True,-0.75391,0.55078,5.10547,Running,In motion
2024-11-06 11:11:25,15.772045793298345,False,False,-14.43359,-6.26563,1.08203,Running,In motion
2024-11-06 11:11:26,9.428740239809347,False,False,-9.18359,-1.55469,1.46484,Running,In motion
2024-11-06 11:11:27,8.336398739875632,False,False,-7.91797,-2.55078,0.54297,Running,In motion
2024-11-06 11:11:27,16.416447431152697,False,False,-14.12891,-8.33594,0.62109,Running,In motion
2024-11-06 11:11:28,10.55276637355343,True,True,-10.21484,-1.89844,1.84766,Running,In motion
2024-11-06 11:11:29,14.644035973054013,True,True,-13.28516,-1.36328,-6.00781,Running,In motion
2024-11-06 11:11:30,5.361708808094673,False,True,-4.77734,-1.89844,-1.52344,Running,In motion
2024-11-06 11:11:31,12.279267978185834,True,True,-11.37109,-4.19922,1.96094,Running,In motion
2024-11-06 11:11:31,4.176626190826754,True,True,0.35547,-4.11719,-0.60547,Running,In motion
2024-11-06 11:11:32,9.002277941432379,False,True,-6.46484,-0.78906,6.21484,Running,In motion
2024-11-06 11:11:33,33.233634379823705,True,False,-27.91797,-4.58203,17.4375,Running,In motion
2024-11-06 11:11:34,5.921161451075287,True,False,-4.3125,-3.50781,2.03906,Running,In motion
2024-11-06 11:11:34,8.488867563161767,True,True,-7.57422,-3.69922,1.00391,Running,In motion
2024-11-06 11:11:35,15.125675725963452,False,False,-14.15625,-5.03906,1.73047,Running,In motion
2024-11-06 11:11:36,7.577256834937034,False,False,-6.80469,-2.51172,2.19141,Running,In motion
2024-11-06 11:11:37,19.250509310303975,True,False,-14.08594,-2.70313,12.83984,Running,In motion
2024-11-06 11:11:37,8.296946449200453,False,False,-5.92188,-5.61328,1.50391,Running,In motion
2024-11-06 11:11:38,12.368439397907077,False,True,-12.35938,-0.13672,-0.45313,Running,In motion
2024-11-06 11:11:39,14.202536741290269,False,False,-13.55078,-3.35547,2.61328,Running,In motion
2024-11-06 11:11:40,14.18022591866928,True,False,-14.15625,-0.78906,0.23828,Running,In motion
2024-11-06 11:11:40,11.695505157691994,False,False,-11.21094,-3.04688,1.34766,Running,In motion
2024-11-06 11:11:41,5.128771730434101,False,False,-4.01172,-1.21094,2.95703,Running,In motion
2024-11-06 11:11:42,10.576888515253435,True,True,-9.64063,-3.85156,-2.02344,Running,In motion
2024-11-06 11:11:43,14.932701037926796,False,True,-14.19531,-4.19922,1.96094,Running,In motion
2024-11-06 11:11:43,10.05045284515081,True,True,-9.68359,-2.20703,1.53906,Running,In motion
2024-11-06 11:11:44,5.483504844613525,False,True,-4.04688,-3.66016,0.54297,Running,In motion
2024-11-06 11:11:45,14.969813373960278,False,False,-12.28516,-7.875,3.33984,Running,In motion
2024-11-06 11:11:46,8.417027735109347,False,True,-7.14844,-4.23438,1.34766,Running,In motion
2024-11-06 11:11:46,16.454335151217748,False,True,-13.20313,-2.12891,9.58594,Running,In motion
2024-11-06 11:11:47,9.958747522741,False,True,-9.67969,-1.4375,1.84766,Running,In motion
2024-11-06 11:11:48,8.249106248345939,True,False,-7.38672,-3.27734,1.65625,Running,In motion
2024-11-06 11:11:49,4.987293132361482,True,True,-3.16797,-3.77344,0.77344,Running,In motion
2024-11-06 11:11:49,5.728338422614362,False,False,-3.82422,-3.125,-2.90234,Running,In motion
2024-11-06 11:11:50,8.515008196126413,False,False,-7.99219,-2.58984,1.38672,Running,In motion
2024-11-06 11:11:51,13.142391825706614,True,True,-13.05078,-0.17578,1.53906,Running,In motion
2024-11-06 11:11:52,3.343336203225754,True,False,-0.25781,-3.31641,-0.33594,Running,In motion
2024-11-06 11:11:52,14.975093917955906,False,True,-14.73438,2.35156,1.27344,Running,In motion
2024-11-06 11:11:53,9.156197529182078,False,False,-8.64063,-2.97266,0.58203,Running,In motion
2024-11-06 11:11:54,14.945599890566454,False,True,-11.71094,-4.04297,8.35938,Running,In motion
2024-11-06 11:11:55,20.107440376539724,False,False,-17.1875,-3.08594,9.96875,Running,In motion
2024-11-06 11:11:55,13.783311813950956,False,False,-11.25391,-7.95313,0.27734,Running,In motion
2024-11-06 11:11:56,16.187350811933374,False,True,-13.8125,-1.63281,8.28125,Running,In motion
2024-11-06 11:11:57,11.62019436120584,False,False,-10.90625,-3.85156,1.11719,Running,In motion
2024-11-06 11:11:58,15.12272419506816,True,False,-11.67578,-9.59766,0.50781,Running,In motion
2024-11-06 11:11:58,13.44745354757175,False,False,-9.52344,-9.48438,0.42969,Running,In motion
2024-11-06 11:11:59,8.812121560469986,False,True,-8.375,-0.94141,2.57422,Running,In motion
2024-11-06 11:12:00,11.744542415015578,False,False,-11.28906,-3.23828,-0.07031,Running,In motion
2024-11-06 11:12:01,11.457663486435617,False,True,-9.98438,-2.58984,4.98828,Walking,In motion
2024-11-06 11:12:02,12.267696130871517,False,True,-10.90625,-3.04688,4.71875,Walking,In motion
2024-11-06 11:12:02,5.002299284808936,False,False,-4.58984,-1.97656,-0.22266,Walking,In motion
2024-11-06 11:12:03,9.346193944857982,False,True,-8.45703,-3.69922,1.46484,Walking,In motion
2024-11-06 11:12:04,8.221842609391157,False,True,-5.46484,-4.73438,3.91406,Walking,In motion
2024-11-06 11:12:05,11.916907528138331,False,True,-10.18359,-5.84375,2.03906,Walking,In motion
2024-11-06 11:12:05,9.229081621071513,False,True,-8.76172,-1.17188,2.65234,Walking,In motion
2024-11-06 11:12:06,15.271108420563323,False,False,-12.32422,-4.61719,7.74609,Walking,In motion
2024-11-06 11:12:07,13.17942139717446,False,False,-10.37109,-4.80859,6.55859,Walking,In motion
2024-11-06 11:12:08,5.852806609234581,False,False,-3.66797,-2.93359,3.49219,Walking,In motion
2024-11-06 11:12:08,6.072538737126343,True,False,-5.39063,-1.63281,2.26953,Walking,In motion
2024-11-06 11:12:09,9.330730321368206,False,False,-8.07422,-3.92969,2.53516,Walking,In motion
2024-11-06 11:12:10,8.822105231621304,False,False,-8.03516,-2.82031,2.30469,Walking,In motion
2024-11-06 11:12:11,6.287624354977005,False,False,-2.01953,-0.25,5.94922,Walking,In motion
2024-11-06 11:12:11,7.533346444144196,False,False,-7.00391,-2.01563,-1.90625,Walking,In motion
2024-11-06 11:12:12,10.553857756986305,False,False,-9.90625,-2.32031,2.80469,Walking,In motion
2024-11-06 11:12:13,12.350666840353195,True,False,-11.67578,-4.00781,0.39063,Walking,In motion
2024-11-06 11:12:14,8.902741049440898,False,False,-8.64063,-1.66797,1.34766,Running,In motion
2024-11-06 11:12:15,12.989883292739778,False,True,-12.97266,0.66797,-0.03125,Running,In motion
2024-11-06 11:12:15,14.635933530779647,True,True,-13.85547,-2.89453,3.72266,Running,In motion
2024-11-06 11:12:16,8.751180511605277,False,False,-7.87891,-3.42969,1.65625,Running,In motion
2024-11-06 11:12:17,8.998186064763274,False,False,-8.57031,-1.28516,2.42188,Running,In motion
2024-11-06 11:12:17,13.308337461027955,False,True,-12.85938,-1.55469,-3.05469,Running,In motion
2024-11-06 11:12:18,3.4828958288326684,False,False,-2.13281,-1.82422,-2.0625,Running,In motion
2024-11-06 11:12:19,12.055228469311563,True,True,-11.75391,-2.66406,0.27734,Running,In motion
2024-11-06 11:12:20,5.901947921457796,True,False,0.08984,-5.88672,-0.41406,Running,In motion
2024-11-06 11:12:21,3.20209862443367,True,True,2.11719,-2.16406,1.04297,Running,In motion
2024-11-06 11:12:21,14.32238000061093,False,True,-13.89063,-2.12891,2.76563,Running,In motion
2024-11-06 11:12:22,16.105407850964223,True,True,-15.65625,-3.39453,1.65625,Running,In motion
2024-11-06 11:12:23,3.67372028633101,True,False,-1.0625,-2.92969,-1.94531,Running,In motion
2024-11-06 11:12:24,2.708063241248254,False,False,1.42969,-2.20313,0.66016,Running,In motion
2024-11-06 11:12:24,11.992137533488346,True,True,-10.67578,-3.62109,-4.08984,Running,In motion
2024-11-06 11:12:25,14.07478994729939,False,False,-10.59766,-5.07813,7.74609,Running,In motion
2024-11-06 11:12:26,14.2850640342597,False,False,-9.60156,-10.48047,1.42578,Running,In motion
2024-11-06 11:12:27,10.017590031005462,False,False,-9.76172,-1.4375,1.73047,Running,In motion
2024-11-06 11:12:27,12.37858804419147,True,True,-12.24219,-1.40234,-1.17969,Running,In motion
2024-11-06 11:12:28,10.039233993672026,False,False,-9.60156,-1.59375,2.46094,Running,In motion
2024-11-06 11:12:29,8.889305182684414,False,False,-8.45313,-2.58984,0.92578,Running,In motion
2024-11-06 11:12:30,9.402399754716878,True,False,-8.64063,-3.46875,1.30859,Running,In motion
2024-11-06 11:12:30,6.540713136203116,False,False,0.58594,-6.49609,-0.48828,Running,In motion
2024-11-06 11:12:31,8.887543738632177,False,False,-8.45313,-2.66406,0.66016,Running,In motion
2024-11-06 11:12:32,9.223695576763145,False,True,-8.875,-2.51172,0.04688,Running,In motion
2024-11-06 11:12:33,6.919958675902624,False,False,-6.42188,-2.20703,-1.33203,Running,In motion
2024-11-06 11:12:33,10.556310601052813,False,False,-10.33203,-2.12891,0.39063,Running,In motion
2024-11-06 11:12:34,17.12238645986885,True,False,-14.92969,-8.37109,-0.45313,Running,In motion
2024-11-06 11:12:35,10.269094053790724,False,False,-10.02734,-2.08984,0.73438,Running,In motion
2024-11-06 11:12:36,14.016102361402046,False,True,-13.92969,-0.21484,1.53906,Running,In motion
2024-11-06 11:12:36,14.996763145389075,False,True,-14.23438,-3.73828,2.88281,Running,In motion
2024-11-06 11:12:37,3.128562570079109,False,False,-1.67578,-2.62891,-0.26172,Running,In motion
2024-11-06 11:12:38,10.827032244419522,False,False,-10.18359,-3.58594,0.8125,Running,In motion
2024-11-06 11:12:39,6.073775655463412,False,True,-5.27344,-3.01172,-0.10547,Running,In motion
2024-11-06 11:12:40,9.637773531402365,True,True,-8.91797,-2.43359,2.72656,Running,In motion
2024-11-06 11:12:40,15.232865247145726,False,True,-14.73828,-2.51172,2.91797,Running,In motion
2024-11-06 11:12:41,16.311377904864443,False,True,-16.30859,-0.28906,0.08594,Running,In motion
2024-11-06 11:12:42,32.14803405837439,False,True,-28.02734,-1.85938,15.63672,Running,In motion
2024-11-06 11:12:43,11.99460495808845,False,False,-9.68359,-7.03125,0.8125,Running,In motion
2024-11-06 11:12:43,19.263966198737478,False,False,-17.03516,-8.98438,0.42969,Running,In motion
2024-11-06 11:12:44,14.565281754665785,False,True,-11.75,-2.05078,8.35938,Running,In motion
2024-11-06 11:12:45,7.674009058777557,False,False,-7.07031,-0.90234,2.84375,Running,In motion
2024-11-06 11:12:46,8.29788835119514,False,False,-7.61328,-2.24219,2.42188,Running,In motion
2024-11-06 11:12:46,7.419437527050147,False,False,-4.31641,-0.36719,6.02344,Running,In motion
2024-11-06 11:12:47,16.51179744924519,False,False,-14.69922,-7.30078,1.80859,Running,In motion
2024-11-06 11:12:48,12.405369972528026,False,True,-12.01953,-3.04688,-0.375,Running,In motion
2024-11-06 11:12:49,6.189275464971647,False,False,-0.14063,-6.1875,0.04688,Running,In motion
2024-11-06 11:12:49,12.247934639346342,False,False,-11.21094,-1.21094,-4.78125,Running,In motion
2024-11-06 11:12:50,4.509036203059363,False,True,-0.5625,-4.42188,-0.67969,Running,In motion
2024-11-06 11:12:51,8.77898085728634,False,False,-7.76953,-3.50781,-2.09766,Running,In motion
2024-11-06 11:12:52,6.730989509381217,False,True,-3.89453,0.13281,5.48828,Running,In motion
2024-11-06 11:12:52,12.494901026230659,False,False,-9.22266,-8.17969,2.03906,Running,In motion
2024-11-06 11:12:53,7.638897026933927,False,False,-5.88281,-4.42578,2.03906,Running,In motion
2024-11-06 11:12:54,9.130558794586452,False,True,-6.92578,-5.88281,0.89063,Running,In motion
2024-11-06 11:12:55,18.87861092426294,False,False,-15.69531,2.125,10.27344,Running,In motion
2024-11-06 11:12:56,16.192301539030826,False,False,-14.73828,-5.57813,3.72266,Running,In motion
2024-11-06 11:12:56,15.187369944305695,False,False,-14.19922,-4.42578,3.07422,Running,In motion
2024-11-06 11:12:57,9.236424085792077,False,False,-7.83594,-4.54297,1.80859,Running,In motion
2024-11-06 11:12:58,9.727782796192562,False,False,-9.06641,-3.35547,1.08203,Running,In motion
2024-11-06 11:12:59,9.458177201326903,False,True,-9.375,-1.21094,0.31641,Walking,In motion
2024-11-06 11:12:59,15.065230755448122,False,False,-14.54688,-3.58594,1.57813,Walking,In motion
2024-11-06 11:13:00,16.20898388680179,False,True,-13.00781,-8.56641,4.48828,Walking,In motion
2024-11-06 11:13:01,13.718130271097444,False,True,-9.91016,-1.97656,9.27734,Walking,In motion
2024-11-06 11:13:02,9.230930057242336,False,False,-7.69141,-5.03906,0.8125,Walking,In motion
2024-11-06 11:13:02,9.785924455875389,False,False,-9.33594,-2.47266,1.57813,Walking,In motion
2024-11-06 11:13:03,8.182305769469874,False,False,-6.80859,-3.92969,2.26953,Walking,In motion
2024-11-06 11:13:04,9.841215005932956,False,True,-9.64063,-1.97656,-0.03125,Walking,In motion
2024-11-06 11:13:05,13.47439789953154,False,True,-12.82422,-4.08203,0.66016,Walking,In motion
2024-11-06 11:13:05,10.017140872269891,False,False,-9.44922,-3.31641,0.23828,Walking,In motion
2024-11-06 11:13:06,10.720716211564412,True,True,-0.48438,3.73047,10.03906,Walking,In motion
2024-11-06 11:13:07,15.95248649156927,True,True,-15.84766,-0.25,1.80859,Walking,In motion
2024-11-06 11:13:08,14.173707742401069,False,False,-12.9375,-3.50781,4.60547,Walking,In motion
2024-11-06 11:13:08,9.148389196607237,True,True,-9.02734,-1.05469,1.04297,Walking,In motion
2024-11-06 11:13:09,14.09540350645557,False,True,-13.43359,-1.28516,4.07031,Walking,In motion
2024-11-06 11:13:10,11.062699269260644,False,True,-10.91016,-0.59766,1.73047,Walking,In motion
2024-11-06 11:13:11,7.25766192759762,False,True,-6.96484,-1.97656,0.50781,Walking,In motion
2024-11-06 11:13:12,17.29551817778525,False,False,-15.92578,-6.72656,0.50781,Walking,In motion
2024-11-06 11:13:12,8.934822709522557,False,True,-8.53125,-1.74609,2.0,Walking,In motion
2024-11-06 11:13:13,19.45673345059237,False,True,-19.14453,2.66016,2.23047,Walking,In motion
2024-11-06 11:13:14,3.816009582128955,True,True,-0.37109,-3.23828,-1.98438,Walking,In motion
2024-11-06 11:13:15,2.7127336889934477,False,False,2.04297,-1.01953,1.46484,Running,In motion
2024-11-06 11:13:15,4.909737444354841,False,False,-3.78125,-2.47266,1.92188,Running,In motion
2024-11-06 11:13:16,9.9665442551418,False,False,-9.10547,-3.04688,-2.67188,Running,In motion
2024-11-06 11:13:17,9.283894756544798,False,True,-8.76172,-1.05469,2.88281,Running,In motion
2024-11-06 11:13:18,10.508667180622858,False,False,-9.94531,-3.39453,0.00781,Running,In motion
2024-11-06 11:13:19,12.61122403477553,True,True,-12.28516,-2.74219,0.77344,Running,In motion
2024-11-06 11:13:19,22.378672541544997,False,True,-22.125,-0.36719,3.33984,Running,In motion
2024-11-06 11:13:20,27.45416980928398,False,False,-23.85547,-3.85156,13.03125,Running,In motion
2024-11-06 11:13:21,9.442907313184854,False,True,-9.25781,0.32422,-1.83203,Running,In motion
2024-11-06 11:13:22,24.201926283058544,False,True,-18.87891,0.28516,15.14063,Running,In motion
2024-11-06 11:13:23,11.526882605145245,True,True,-8.83594,-0.02344,7.40234,Running,In motion
2024-11-06 11:13:23,8.831443172319005,False,True,-8.19141,-0.48047,3.26563,Running,In motion
2024-11-06 11:13:24,13.30653504788155,True,True,-12.55469,-3.04688,3.1875,Running,In motion
2024-11-06 11:13:25,10.182274936422607,False,True,-9.72266,2.73438,-1.29297,Running,In motion
2024-11-06 11:13:26,10.017463321445204,False,True,-4.46875,3.42578,8.28516,Running,In motion
2024-11-06 11:13:26,10.350963252939312,True,True,-4.125,0.62891,9.47266,Running,In motion
2024-11-06 11:13:27,9.866458000300817,True,True,1.00781,-0.21484,9.8125,Running,In motion
2024-11-06 11:13:28,9.822907136102836,True,True,0.96875,-0.17578,9.77344,Running,In motion
2024-11-06 11:13:29,9.748508057677338,True,True,1.00781,-0.13672,9.69531,Running,In motion
2024-11-06 11:13:30,9.826836166238857,True,True,1.00781,-0.17578,9.77344,In-Vehicle,Stable
2024-11-06 11:13:30,9.819908816037959,True,True,0.92969,-0.21484,9.77344,Still,Stable
2024-11-06 11:13:31,9.827563801049576,True,True,0.96875,-0.21484,9.77734,Still,Stable
2024-11-06 11:13:32,9.862544754681725,True,True,0.96875,-0.21484,9.8125,Still,Stable
2024-11-06 11:13:33,9.827563801049576,True,True,0.96875,-0.21484,9.77734,Still,Stable
2024-11-06 11:13:34,9.819908816037959,True,True,0.92969,-0.21484,9.77344,Still,On Table
2024-11-06 11:13:34,9.827563801049576,True,True,0.96875,-0.21484,9.77734,Still,On Table
2024-11-06 11:13:35,9.827563801049576,True,True,0.96875,-0.21484,9.77734,Still,On Table
2024-11-06 11:13:36,9.827563801049576,True,True,0.96875,-0.21484,9.77734,Still,On Table
2024-11-06 11:13:37,9.827563801049576,True,True,0.96875,-0.21484,9.77734,Still,On Table
2024-11-06 11:13:37,9.827563801049576,True,True,0.96875,-0.21484,9.77734,Still,On Table
2024-11-06 11:13:38,9.831490970208945,True,True,1.00781,-0.21484,9.77734,Still,On Table
2024-11-06 11:13:39,9.827563801049576,True,True,0.96875,-0.21484,9.77734,Still,On Table
2024-11-06 11:13:40,9.827563801049576,True,True,0.96875,-0.21484,9.77734,Still,On Table
2024-11-06 11:13:41,9.819908816037959,True,True,0.92969,-0.21484,9.77344,Still,On Table
2024-11-06 11:13:41,9.784044621489622,True,True,0.96875,-0.17578,9.73438,Still,On Table
2024-11-06 11:13:42,9.862544754681725,True,True,0.96875,-0.21484,9.8125,Still,On Table
2024-11-06 11:13:43,9.862544754681725,True,True,0.96875,-0.21484,9.8125,Still,On Table
2024-11-06 11:13:44,9.827563801049576,True,True,0.96875,-0.21484,9.77734,Still,On Table
2024-11-06 11:13:45,9.827563801049576,True,True,0.96875,-0.21484,9.77734,Still,On Table
2024-11-06 11:13:45,9.831490970208945,True,True,1.00781,-0.21484,9.77734,Still,On Table
2024-11-06 11:13:46,9.827563801049576,True,True,0.96875,-0.21484,9.77734,Still,On Table
2024-11-06 11:13:47,9.819908816037959,True,True,0.92969,-0.21484,9.77344,Still,On Table
2024-11-06 11:13:48,9.827563801049576,True,True,0.96875,-0.21484,9.77734,Still,On Table
2024-11-06 11:13:48,9.831490970208945,True,True,1.00781,-0.21484,9.77734,Still,On Table
2024-11-06 11:13:49,9.827563801049576,True,True,0.96875,-0.21484,9.77734,Still,On Table
2024-11-06 11:13:50,9.827563801049576,True,True,0.96875,-0.21484,9.77734,Still,On Table
2024-11-06 11:13:51,9.827563801049576,True,True,0.96875,-0.21484,9.77734,Still,On Table
2024-11-06 11:13:52,9.827563801049576,True,True,0.96875,-0.21484,9.77734,Still,On Table
2024-11-06 11:13:52,9.827563801049576,True,True,0.96875,-0.21484,9.77734,Still,On Table
2024-11-06 11:13:53,9.822907136102836,True,True,0.96875,-0.17578,9.77344,Still,On Table
2024-11-06 11:13:54,9.827563801049576,True,True,0.96875,-0.21484,9.77734,Still,On Table
2024-11-06 11:13:55,9.831490970208945,True,True,1.00781,-0.21484,9.77734,Still,On Table
2024-11-06 11:13:55,9.862544754681725,True,True,0.96875,-0.21484,9.8125,Still,On Table
2024-11-06 11:13:56,9.822907136102836,True,True,0.96875,-0.17578,9.77344,Still,On Table
2024-11-06 11:13:57,9.822907136102836,True,True,0.96875,-0.17578,9.77344,Still,On Table
2024-11-06 11:13:58,9.819908816037959,True,True,0.92969,-0.21484,9.77344,Still,On Table
2024-11-06 11:13:59,9.788704211819866,True,True,0.96875,-0.21484,9.73828,Still,On Table
2024-11-06 11:13:59,9.827563801049576,True,True,0.96875,-0.21484,9.77734,Still,On Table
2024-11-06 11:14:00,9.819908816037959,True,True,0.92969,-0.21484,9.77344,Still,On Table
2024-11-06 11:14:01,9.79264696494773,True,True,1.00781,-0.21484,9.73828,Still,On Table
2024-11-06 11:14:02,9.825438576358819,True,True,1.00781,-0.05859,9.77344,Still,On Table
2024-11-06 11:14:02,9.900769021980059,True,True,0.92969,-0.32813,9.85156,Still,On Table
2024-11-06 11:14:03,9.819908816037959,True,True,0.92969,-0.21484,9.77344,Still,On Table
2024-11-06 11:14:04,9.910018663806845,True,True,1.00781,-0.25,9.85547,Still,On Table
2024-11-06 11:14:05,9.827563801049576,True,True,0.96875,-0.21484,9.77734,Still,On Table
2024-11-06 11:14:05,9.862544754681725,True,True,0.96875,-0.21484,9.8125,Still,On Table
2024-11-06 11:14:06,9.827563801049576,True,True,0.96875,-0.21484,9.77734,Still,On Table
2024-11-06 11:14:07,9.862544754681725,True,True,0.96875,-0.21484,9.8125,Still,On Table
2024-11-06 11:14:08,9.822907136102836,True,True,0.96875,-0.17578,9.77344,Still,On Table
2024-11-06 11:14:08,9.827563801049576,True,True,0.96875,-0.21484,9.77734,Still,On Table
2024-11-06 11:14:09,9.862676361404139,True,True,0.92969,-0.21484,9.81641,Still,On Table
2024-11-06 11:14:10,9.827563801049576,True,True,0.96875,-0.21484,9.77734,Still,On Table
2024-11-06 11:14:11,9.862544754681725,True,True,0.96875,-0.21484,9.8125,Still,On Table
2024-11-06 11:14:11,9.827563801049576,True,True,0.96875,-0.21484,9.77734,Still,On Table
2024-11-06 11:14:12,9.827563801049576,True,True,0.96875,-0.21484,9.77734,Still,On Table
2024-11-06 11:14:13,9.827563801049576,True,True,0.96875,-0.21484,9.77734,Still,On Table
2024-11-06 11:14:14,9.827563801049576,True,True,0.96875,-0.21484,9.77734,Still,On Table
2024-11-06 11:14:14,9.827563801049576,True,True,0.96875,-0.21484,9.77734,Still,On Table
2024-11-06 11:14:15,9.827563801049576,True,True,0.96875,-0.21484,9.77734,Still,On Table
2024-11-06 11:14:16,9.827563801049576,True,True,0.96875,-0.21484,9.77734,Still,On Table
2024-11-06 11:14:17,9.862544754681725,True,True,0.96875,-0.21484,9.8125,Still,On Table
2024-11-06 11:14:17,9.862544754681725,True,True,0.96875,-0.21484,9.8125,Still,On Table
2024-11-06 11:14:18,9.827563801049576,True,True,0.96875,-0.21484,9.77734,Still,On Table
2024-11-06 11:14:19,9.79264696494773,True,True,1.00781,-0.21484,9.73828,Still,On Table
2024-11-06 11:14:20,9.862676361404139,True,True,0.92969,-0.21484,9.81641,Still,On Table
2024-11-06 11:14:21,9.827563801049576,True,True,0.96875,-0.21484,9.77734,Still,On Table
2024-11-06 11:14:21,9.788704211819866,True,True,0.96875,-0.21484,9.73828,Still,On Table
2024-11-06 11:14:22,9.827563801049576,True,True,0.96875,-0.21484,9.77734,Still,On Table
2024-11-06 11:14:23,9.827563801049576,True,True,0.96875,-0.21484,9.77734,Still,On Table
2024-11-06 11:14:24,9.827563801049576,True,True,0.96875,-0.21484,9.77734,Still,On Table
2024-11-06 11:14:24,9.819908816037959,True,True,0.92969,-0.21484,9.77344,Still,On Table
2024-11-06 11:14:25,9.827563801049576,True,True,0.96875,-0.21484,9.77734,Still,On Table
2024-11-06 11:14:26,9.819908816037959,True,True,0.92969,-0.21484,9.77344,Still,On Table
2024-11-06 11:14:27,9.822907136102836,True,True,0.96875,-0.17578,9.77344,Still,On Table
2024-11-06 11:14:27,9.827563801049576,True,True,0.96875,-0.21484,9.77734,Still,On Table
2024-11-06 11:14:28,9.862544754681725,True,True,0.96875,-0.21484,9.8125,Still,On Table
2024-11-06 11:14:29,9.827563801049576,True,True,0.96875,-0.21484,9.77734,Still,On Table
2024-11-06 11:14:30,9.862676361404139,True,True,0.92969,-0.21484,9.81641,Still,On Table
2024-11-06 11:14:30,9.827563801049576,True,True,0.96875,-0.21484,9.77734,Still,On Table
2024-11-06 11:14:31,9.819908816037959,True,True,0.92969,-0.21484,9.77344,Still,On Table
2024-11-06 11:14:32,9.822907136102836,True,True,0.96875,-0.17578,9.77344,Still,On Table
2024-11-06 11:14:33,9.862544754681725,True,True,0.96875,-0.21484,9.8125,Still,On Table
2024-11-06 11:14:33,9.831490970208945,True,True,1.00781,-0.21484,9.77734,Still,On Table
2024-11-06 11:14:34,9.827563801049576,True,True,0.96875,-0.21484,9.77734,Still,On Table
2024-11-06 11:14:35,9.827563801049576,True,True,0.96875,-0.21484,9.77734,Still,On Table
2024-11-06 11:14:36,9.831490970208945,True,True,1.00781,-0.21484,9.77734,Still,On Table
2024-11-06 11:14:36,9.82451556037752,True,True,0.96875,-0.25,9.77344,Still,On Table
2024-11-06 11:14:37,9.862544754681725,True,True,0.96875,-0.21484,9.8125,Still,On Table
2024-11-06 11:14:38,9.71496415059263,True,True,1.00781,-0.21484,9.66016,Still,On Table
2024-11-06 11:14:39,9.784136112243123,True,True,0.92969,-0.17578,9.73828,Still,On Table
2024-11-06 11:14:39,9.827563801049576,True,True,0.96875,-0.21484,9.77734,Still,On Table
2024-11-06 11:14:40,9.827563801049576,True,True,0.96875,-0.21484,9.77734,Still,On Table
2024-11-06 11:14:41,9.827563801049576,True,True,0.96875,-0.21484,9.77734,Still,On Table
2024-11-06 11:14:42,9.827563801049576,True,True,0.96875,-0.21484,9.77734,Still,On Table
2024-11-06 11:14:42,9.865661683789892,True,True,0.96875,-0.17578,9.81641,Still,On Table
2024-11-06 11:14:43,9.815865319109673,True,True,0.89453,-0.17578,9.77344,Still,On Table
2024-11-06 11:14:44,9.827563801049576,True,True,0.96875,-0.21484,9.77734,Still,On Table
2024-11-06 11:14:45,9.827563801049576,True,True,0.96875,-0.21484,9.77734,Still,On Table
2024-11-06 11:14:46,9.827563801049576,True,True,0.96875,-0.21484,9.77734,Still,On Table
2024-11-06 11:14:46,9.862544754681725,True,True,0.96875,-0.21484,9.8125,Still,On Table
2024-11-06 11:14:47,9.819908816037959,True,True,0.92969,-0.21484,9.77344,Still,On Table
2024-11-06 11:14:48,9.819908816037959,True,True,0.92969,-0.21484,9.77344,Still,On Table
2024-11-06 11:14:49,9.827563801049576,True,True,0.96875,-0.21484,9.77734,Still,On Table
2024-11-06 11:14:49,9.788704211819866,True,True,0.96875,-0.21484,9.73828,Still,On Table
2024-11-06 11:14:50,9.827563801049576,True,True,0.96875,-0.21484,9.77734,Still,On Table
2024-11-06 11:14:51,9.819908816037959,True,True,0.92969,-0.21484,9.77344,Still,On Table
2024-11-06 11:14:52,9.827563801049576,True,True,0.96875,-0.21484,9.77734,Still,On Table
2024-11-06 11:14:52,9.827563801049576,True,True,0.96875,-0.21484,9.77734,Still,On Table
2024-11-06 11:14:53,9.827563801049576,True,True,0.96875,-0.21484,9.77734,Still,On Table
2024-11-06 11:14:54,9.827563801049576,True,True,0.96875,-0.21484,9.77734,Still,On Table
2024-11-06 11:14:55,9.862676361404139,True,True,0.92969,-0.21484,9.81641,Still,On Table
2024-11-06 11:14:55,9.827563801049576,True,True,0.96875,-0.21484,9.77734,Still,On Table
2024-11-06 11:14:56,9.862676361404139,True,True,0.92969,-0.21484,9.81641,Still,On Table
2024-11-06 11:14:57,9.862544754681725,True,True,0.96875,-0.21484,9.8125,Still,On Table
2024-11-06 11:14:58,9.819908816037959,True,True,0.92969,-0.21484,9.77344,Still,On Table
2024-11-06 11:14:59,9.861152324698164,True,True,0.96875,-0.13672,9.8125,Still,On Table
2024-11-06 11:14:59,9.827563801049576,True,True,0.96875,-0.21484,9.77734,Still,On Table
2024-11-06 11:15:00,9.819908816037959,True,True,0.92969,-0.21484,9.77344,Still,On Table
2024-11-06 11:15:01,9.827563801049576,True,True,0.96875,-0.21484,9.77734,Still,On Table
2024-11-06 11:15:02,9.827563801049576,True,True,0.96875,-0.21484,9.77734,Still,On Table
2024-11-06 11:15:02,9.865661683789892,True,True,0.96875,-0.17578,9.81641,Still,On Table
2024-11-06 11:15:03,9.827563801049576,True,True,0.96875,-0.21484,9.77734,Still,On Table
2024-11-06 11:15:04,9.827563801049576,True,True,0.96875,-0.21484,9.77734,Still,On Table
2024-11-06 11:15:05,9.862544754681725,True,True,0.96875,-0.21484,9.8125,Still,On Table
2024-11-06 11:15:05,9.827563801049576,True,True,0.96875,-0.21484,9.77734,Still,On Table
2024-11-06 11:15:06,9.827563801049576,True,True,0.96875,-0.21484,9.77734,Still,On Table
2024-11-06 11:15:07,9.819908816037959,True,True,0.92969,-0.21484,9.77344,Still,On Table
2024-11-06 11:15:08,9.827563801049576,True,True,0.96875,-0.21484,9.77734,Still,On Table
2024-11-06 11:15:08,9.831490970208945,True,True,1.00781,-0.21484,9.77734,Still,On Table
2024-11-06 11:15:09,9.866458000300817,True,True,1.00781,-0.21484,9.8125,Still,On Table
2024-11-06 11:15:10,9.827563801049576,True,True,0.96875,-0.21484,9.77734,Still,On Table
2024-11-06 11:15:11,9.862544754681725,True,True,0.96875,-0.21484,9.8125,Still,On Table
2024-11-06 11:15:12,9.827563801049576,True,True,0.96875,-0.21484,9.77734,Still,On Table
2024-11-06 11:15:12,9.899704535621254,True,True,0.92969,-0.09766,9.85547,Still,On Table
2024-11-06 11:15:13,9.819908816037959,True,True,0.92969,-0.21484,9.77344,Still,On Table
2024-11-06 11:15:14,9.827563801049576,True,True,0.96875,-0.21484,9.77734,Still,On Table
2024-11-06 11:15:14,9.827563801049576,True,True,0.96875,-0.21484,9.77734,Still,On Table
2024-11-06 11:15:15,9.862544754681725,True,True,0.96875,-0.21484,9.8125,Still,On Table
2024-11-06 11:15:16,9.862544754681725,True,True,0.96875,-0.21484,9.8125,Still,On Table
2024-11-06 11:15:17,9.862544754681725,True,True,0.96875,-0.21484,9.8125,Still,On Table
2024-11-06 11:15:18,9.819908816037959,True,True,0.92969,-0.21484,9.77344,Still,On Table
2024-11-06 11:15:18,9.788704211819866,True,True,0.96875,-0.21484,9.73828,Still,On Table
2024-11-06 11:15:19,9.862544754681725,True,True,0.96875,-0.21484,9.8125,Still,On Table
2024-11-06 11:15:20,9.822907136102836,True,True,0.96875,-0.17578,9.77344,Still,On Table
2024-11-06 11:15:21,9.788704211819866,True,True,0.96875,-0.21484,9.73828,Still,On Table
2024-11-06 11:15:21,9.827563801049576,True,True,0.96875,-0.21484,9.77734,Still,On Table
2024-11-06 11:15:22,9.827563801049576,True,True,0.96875,-0.21484,9.77734,Still,On Table
2024-11-06 11:15:23,9.862676361404139,True,True,0.92969,-0.21484,9.81641,Still,On Table
2024-11-06 11:15:24,9.827563801049576,True,True,0.96875,-0.21484,9.77734,Still,On Table
2024-11-06 11:15:24,9.827563801049576,True,True,0.96875,-0.21484,9.77734,Still,On Table
2024-11-06 11:15:25,9.827563801049576,True,True,0.96875,-0.21484,9.77734,Still,On Table
2024-11-06 11:15:26,9.901407335409447,True,True,0.96875,-0.21484,9.85156,Still,On Table
2024-11-06 11:15:27,9.823013772773608,True,True,0.92969,-0.17578,9.77734,Still,On Table
2024-11-06 11:15:27,9.827563801049576,True,True,0.96875,-0.21484,9.77734,Still,On Table
2024-11-06 11:15:28,9.427954935854329,True,True,-0.71484,0.4375,9.39063,Still,In motion
2024-11-06 11:15:29,30.148250645233134,False,True,-9.25781,-6.38281,27.97266,Still,In motion
2024-11-06 11:15:30,8.746556930009659,False,True,-7.45703,0.20703,4.56641,Still,In motion
2024-11-06 11:15:30,9.408295715824414,False,True,-8.30078,0.35938,4.41406,Still,In motion
2024-11-06 11:15:31,9.6509462844117,False,True,-8.49609,0.32422,4.56641,Still,In motion
2024-11-06 11:15:32,9.464786239250202,False,True,-8.21875,-0.36719,4.67969,Still,In motion
2024-11-06 11:15:33,10.919997578044605,False,False,-5.19922,-4.65625,8.39844,Still,In motion
2024-11-06 11:15:34,9.269853371984908,False,False,-6.72656,-5.96094,2.26953,Still,In motion
2024-11-06 11:15:34,9.910190753537492,False,False,-6.00391,-5.84375,5.29297,Unknown,In motion
2024-11-06 11:15:35,14.941733515044364,True,False,-12.05859,-7.98828,-3.74609,Unknown,In motion
2024-11-06 11:15:36,7.541051495076797,True,True,0.39453,0.47656,7.51563,Unknown,In motion
2024-11-06 11:15:37,9.523283259364913,True,False,7.89844,-2.66406,4.60547,Unknown,In motion
2024-11-06 11:15:37,8.20524422328184,True,True,7.85938,-0.63672,2.26953,In-Vehicle,In motion
2024-11-06 11:15:38,13.870658875893385,True,True,-0.29297,-2.70313,13.60156,In-Vehicle,In motion
2024-11-06 11:15:39,13.894204323537206,True,True,6.94531,5.87891,10.5,In-Vehicle,In motion
2024-11-06 11:15:40,11.880459417741385,False,False,0.20313,-2.82031,11.53906,In-Vehicle,In motion
2024-11-06 11:15:40,11.70650375417443,False,False,-4.69922,-4.3125,9.81641,In-Vehicle,In motion
2024-11-06 11:15:41,10.831407331247403,False,True,-5.69531,-3.01172,8.70703,In-Vehicle,In motion
2024-11-06 11:15:42,8.579674814175652,False,False,-5.54297,-2.39844,6.09375,In-Vehicle,In motion
2024-11-06 11:15:43,11.572000810737094,False,False,-8.53516,-3.27734,7.09375,In-Vehicle,In motion
2024-11-06 11:15:43,10.106354896400582,False,True,-5.3125,-1.21094,8.51172,In-Vehicle,In motion
2024-11-06 11:15:44,10.138963658934774,True,True,-2.86328,-1.85938,9.54688,In-Vehicle,In motion
2024-11-06 11:15:45,10.08369268371959,True,False,0.54688,-2.70313,9.69922,In-Vehicle,In motion
